-- phpMyAdmin SQL Dump
-- version 5.2.2
-- https://www.phpmyadmin.net/
--
-- Host: localhost:3306
-- Waktu pembuatan: 17 Sep 2025 pada 11.33
-- Versi server: 10.11.14-MariaDB-cll-lve
-- Versi PHP: 8.4.11

SET SQL_MODE = "NO_AUTO_VALUE_ON_ZERO";
START TRANSACTION;
SET time_zone = "+00:00";


/*!40101 SET @OLD_CHARACTER_SET_CLIENT=@@CHARACTER_SET_CLIENT */;
/*!40101 SET @OLD_CHARACTER_SET_RESULTS=@@CHARACTER_SET_RESULTS */;
/*!40101 SET @OLD_COLLATION_CONNECTION=@@COLLATION_CONNECTION */;
/*!40101 SET NAMES utf8mb4 */;

--
-- Database: `isad8273_bulukumba_tourism`
--

-- --------------------------------------------------------

--
-- Struktur dari tabel `admin`
--

CREATE TABLE `admin` (
  `id_admin` int(11) NOT NULL,
  `username` varchar(100) NOT NULL,
  `password` varchar(255) NOT NULL
) ENGINE=InnoDB DEFAULT CHARSET=utf8mb4 COLLATE=utf8mb4_unicode_ci;

--
-- Dumping data untuk tabel `admin`
--

INSERT INTO `admin` (`id_admin`, `username`, `password`) VALUES
(1, 'admin', '$2a$10$sC0uZVbGNMN7b.d.TY9s6e07yy8XoCFWIfFgF510YDxYRsjiHky4q');

-- --------------------------------------------------------

--
-- Struktur dari tabel `event`
--

CREATE TABLE `event` (
  `id_event` int(11) NOT NULL,
  `nama_event` varchar(255) NOT NULL,
  `deskripsi_event` text DEFAULT NULL,
  `tempat` varchar(255) DEFAULT NULL,
  `tanggal_mulai` date DEFAULT NULL,
  `tanggal_selesai` date DEFAULT NULL,
  `gambar_event` varchar(255) DEFAULT NULL
) ENGINE=InnoDB DEFAULT CHARSET=utf8mb4 COLLATE=utf8mb4_unicode_ci;

--
-- Dumping data untuk tabel `event`
--

INSERT INTO `event` (`id_event`, `nama_event`, `deskripsi_event`, `tempat`, `tanggal_mulai`, `tanggal_selesai`, `gambar_event`) VALUES
(1, 'Festival Phinisi XIV', 'Festival Phinisi di Bulukumba adalah acara tahunan yang digelar untuk merayakan dan melestarikan tradisi pembuatan kapal Phinisi, warisan budaya maritim masyarakat Suku Bugis-Makassar yang telah diakui UNESCO sebagai Warisan Budaya Takbenda Dunia.\n\nFestival ini biasanya diadakan di kawasan pesisir Bulukumba, khususnya di Kecamatan Bonto Bahari—tempat para pengrajin kapal Phinisi berada. Kegiatan festival meliputi prosesi peluncuran kapal Phinisi ke laut, lomba perahu layar, pertunjukan seni dan budaya, pameran kerajinan, kuliner khas, serta atraksi adat yang sarat makna spiritual dan sejarah.\n\nTujuannya bukan hanya sebagai daya tarik wisata, tetapi juga untuk memperkenalkan kekayaan budaya maritim Bulukumba kepada masyarakat luas, sekaligus memperkuat identitas daerah sebagai \"Bumi Panrita Lopi\" atau tanah para ahli pembuat perahu.', 'Pantai Mandalaria, Pantai Merpati, dan Bonto Bahari', '2025-09-11', '2025-09-13', '/uploads/image-1755330789911-939656024.jpg'),
(2, 'Bulukumba Run 2025', 'ulukumba Run adalah ajang olahraga lari tahunan yang digelar di Kabupaten Bulukumba, Sulawesi Selatan, sebagai salah satu rangkaian kegiatan pariwisata dan promosi daerah. Event ini biasanya menghadirkan berbagai kategori lari, mulai dari jarak pendek hingga menengah, dengan rute yang menawarkan pemandangan indah pesisir Bulukumba, khususnya sekitar Pantai Merpati sebagai titik start dan finish. Selain kompetisi lari, Bulukumba Run juga dikemas meriah dengan hiburan, bazar UMKM, serta kegiatan seni dan budaya, sehingga tidak hanya menjadi ajang sport tourism tetapi juga sarana memperkenalkan potensi wisata, kuliner, dan kearifan lokal Bulukumba kepada peserta dari berbagai daerah.', 'Pantai Merpati', '2025-07-13', '2025-07-13', '/uploads/image-1755332752247-741428716.webp'),
(3, 'Bulukumba Night Run 2025', 'Ribuan langkah berlari berbaur dengan musik, glow stick, serta aroma laut dari Pantai Merpati yang menjadi titik awal. Bulukumba Night Run 2025 akhirnya lahir—sebuah pesta olahraga malam pertama di Bumi Panritalopi. Di bawah cahaya lampu Pantai Merpati, peserta bersiap dengan wajah antusias. Tagline #RunTheNight_FeelTheVibe terasa hidup. Mereka bukan sekadar pelari, melainkan bagian dari lautan manusia yang ingin merasakan sensasi berlari di malam penuh warna.\n', 'Pantai Merpati', '2025-09-05', '2025-09-05', '/uploads/image-1757080237400-148784467.jpeg');

-- --------------------------------------------------------

--
-- Struktur dari tabel `galeri`
--

CREATE TABLE `galeri` (
  `id_galeri` int(11) NOT NULL,
  `id_wisata` int(11) DEFAULT NULL,
  `id_hotel` int(11) DEFAULT NULL,
  `id_restoran` int(11) DEFAULT NULL,
  `gambar` varchar(255) NOT NULL,
  `keterangan` varchar(255) DEFAULT NULL,
  `nama` varchar(255) DEFAULT NULL
) ENGINE=InnoDB DEFAULT CHARSET=utf8mb4 COLLATE=utf8mb4_unicode_ci;

--
-- Dumping data untuk tabel `galeri`
--

INSERT INTO `galeri` (`id_galeri`, `id_wisata`, `id_hotel`, `id_restoran`, `gambar`, `keterangan`, `nama`) VALUES
(2, 3, NULL, NULL, '/uploads/image-1755327701156-64855828.jpg', NULL, 'Pantai Bira'),
(3, 2, NULL, NULL, '/uploads/image-1755327772792-686190167.jpg', NULL, 'Pantai Merpati'),
(4, 4, NULL, NULL, '/uploads/image-1755328062072-849312058.jpg', NULL, 'Pantai Bara'),
(5, 6, NULL, NULL, '/uploads/image-1755329074503-342541071.jpg', NULL, 'Pantai Pusahelu'),
(6, 7, NULL, NULL, '/uploads/image-1755329297220-384247280.jpg', NULL, 'Gua Leang Passea'),
(7, 8, NULL, NULL, '/uploads/image-1755329526843-234261083.jpg', NULL, 'Mata Air Lotong-lotong'),
(8, 9, NULL, NULL, '/uploads/image-1755329796190-672659263.jpg', NULL, 'Pantai Samboang'),
(9, 10, NULL, NULL, '/uploads/image-1755330039950-378797795.jpeg', NULL, 'Tebing Apparalang'),
(10, 11, NULL, NULL, '/uploads/image-1755330263993-435167481.jpg', NULL, 'Batu Tongkarayya'),
(11, 12, NULL, NULL, '/uploads/image-1755330411678-28547046.jpg', NULL, 'Pantai Panrang Luhu'),
(12, 13, NULL, NULL, '/uploads/image-1755331221722-60736971.jpg', NULL, 'Masjid Islamic Center Dato Tiro'),
(13, 14, NULL, NULL, '/uploads/image-1755331866434-172801793.jpg', NULL, 'Kawasan Adat Ammatoa Kajang'),
(14, 15, NULL, NULL, '/uploads/image-1755332475266-835988494.jpeg', NULL, 'Pembuatan Perahu Phinisi'),
(15, 16, NULL, NULL, '/uploads/image-1755333281887-32742143.jpg', NULL, 'Pulau Liukang Loe'),
(16, 18, NULL, NULL, '/uploads/image-1755335320270-497323407.jpg', NULL, 'Titik Nol'),
(17, 19, NULL, NULL, '/uploads/image-1755337073303-886465948.jpg', NULL, 'Permandian Hila-Hila'),
(18, 20, NULL, NULL, '/uploads/image-1755337095299-608476471.jpg', NULL, 'Lembah Biru'),
(19, 21, NULL, NULL, '/uploads/image-1755337371241-150888817.jpg', NULL, 'Air Terjun Bravo'),
(20, 30, NULL, NULL, '/uploads/image-1755354956349-966945418.jpg', NULL, 'Hutan Mangrove Luppung'),
(22, 29, NULL, NULL, '/uploads/image-1755355205424-229311086.jpg', NULL, 'Gua Passohara'),
(23, 17, NULL, NULL, '/uploads/image-1755355337992-767131710.jpg', NULL, 'Makam Dato Tiro'),
(24, 28, NULL, NULL, '/uploads/image-1755355368169-493465084.jpg', NULL, 'Pantai Ujung Tiro'),
(25, 27, NULL, NULL, '/uploads/image-1755355447450-660255799.jpeg', NULL, 'Pantai Lemo-Lemo'),
(26, 26, NULL, NULL, '/uploads/image-1755355530774-312629866.jpeg', NULL, 'Pantai Marumasa'),
(27, 24, NULL, NULL, '/uploads/image-1755355553297-849416100.jpg', NULL, 'Telaga Biru Ere Manerang'),
(28, 25, NULL, NULL, '/uploads/image-1755355684554-354734877.jpeg', NULL, 'Puncak Pua Janggo'),
(29, 23, NULL, NULL, '/uploads/image-1755355752909-58983161.jpg', NULL, 'Air terjun Gamaccayya'),
(30, 22, NULL, NULL, '/uploads/image-1755355841368-951422489.jpg', NULL, 'Donggia Kahayya'),
(31, 5, NULL, NULL, '/uploads/image-1755355993278-191994726.jpeg', NULL, 'Pantai Kasuso'),
(32, 32, NULL, NULL, '/uploads/image-1755356458140-679688019.jpg', NULL, 'Lego-Lego Sarrea'),
(33, 33, NULL, NULL, '/uploads/image-1755356927333-1511734.jpg', 'Sungai bantaeng ', 'Sungai Balantieng'),
(35, 31, NULL, NULL, '/uploads/image-1755799583166-60768502.jpg', 'Permandian Alam Limbua', 'Permandian Alam Limbua'),
(36, 31, NULL, NULL, '/uploads/image-1755799596410-82329449.jpg', 'Permandian Alam Limbua', 'Permandian Alam Limbua'),
(37, 31, NULL, NULL, '/uploads/image-1755799610155-776185377.jpg', 'Permandian Alam Limbua', 'Permandian Alam Limbua'),
(40, NULL, 2, NULL, '/uploads/image-1755802837604-843892678.jpeg', 'Kota Bulukumba', 'HOTEL AGRI'),
(41, NULL, 2, NULL, '/uploads/image-1755802851867-298468955.jpeg', 'Kota Bulukumba', 'HOTEL AGRI'),
(42, NULL, 2, NULL, '/uploads/image-1755802866096-708021537.jpeg', 'Kota Bulukumba', 'HOTEL AGRI'),
(43, NULL, 2, NULL, '/uploads/image-1755802880749-381345582.jpeg', 'Kota Bulukumba', 'HOTEL AGRI'),
(44, NULL, 3, NULL, '/uploads/image-1755803851089-474199492.jpeg', 'Kawasan Pantai Bara', 'Akasha Beach Club'),
(45, NULL, 3, NULL, '/uploads/image-1755803865020-369019190.jpeg', 'Kawasan Pantai Bara', 'Akasha Beach Club'),
(46, NULL, 3, NULL, '/uploads/image-1755803882643-534451567.jpeg', 'Kawasan Pantai Bara', 'Akasha Beach Club'),
(47, NULL, 3, NULL, '/uploads/image-1755803899255-122261857.jpeg', 'Kawasan Pantai Bara', 'Akasha Beach Club'),
(48, NULL, 3, NULL, '/uploads/image-1755803913642-453198539.jpeg', 'Kawasan Pantai Bara', 'Akasha Beach Club'),
(49, NULL, 3, NULL, '/uploads/image-1755803928654-814543931.jpeg', 'Kawasan Pantai Bara', 'Akasha Beach Club'),
(50, NULL, 3, NULL, '/uploads/image-1755803945146-358934641.jpeg', 'Kawasan Pantai Bara', 'Akasha Beach Club'),
(51, NULL, 3, NULL, '/uploads/image-1755803960170-433909642.jpeg', 'Kawasan Pantai Bara', 'Akasha Beach Club'),
(52, NULL, 3, NULL, '/uploads/image-1755803974793-31410007.jpeg', 'Kawasan Pantai Bara', 'Akasha Beach Club'),
(53, NULL, 3, NULL, '/uploads/image-1755803993621-68949366.jpeg', 'Kawasan Pantai Bara', 'Akasha Beach Club'),
(54, NULL, 3, NULL, '/uploads/image-1755804006387-505315657.jpeg', 'Kawasan Pantai Bara', 'Akasha Beach Club'),
(55, NULL, 4, NULL, '/uploads/image-1755805477681-849811721.jpeg', 'Renjana Beach House', 'Renjana Beach House'),
(56, NULL, 4, NULL, '/uploads/image-1755805503154-759987144.jpeg', 'Renjana Beach House', 'Renjana Beach House'),
(57, NULL, 4, NULL, '/uploads/image-1755805517577-365206513.jpeg', 'Renjana Beach House', 'Renjana Beach House'),
(58, NULL, 4, NULL, '/uploads/image-1755805532073-893441854.jpeg', 'Renjana Beach House', 'Renjana Beach House'),
(59, NULL, 4, NULL, '/uploads/image-1755805556278-451542591.jpeg', 'Renjana Beach House', 'Renjana Beach House'),
(60, NULL, 4, NULL, '/uploads/image-1755805571039-891211802.jpeg', 'Renjana Beach House', 'Renjana Beach House'),
(61, NULL, 4, NULL, '/uploads/image-1755805583673-617020612.jpeg', 'Renjana Beach House', 'Renjana Beach House'),
(62, NULL, 4, NULL, '/uploads/image-1755805596212-670803049.jpeg', 'Renjana Beach House', 'Renjana Beach House'),
(63, NULL, 4, NULL, '/uploads/image-1755805610817-740896435.jpeg', 'Renjana Beach House', 'Renjana Beach House'),
(64, NULL, 4, NULL, '/uploads/image-1755805629395-731421595.jpeg', 'Renjana Beach House', 'Renjana Beach House'),
(65, NULL, 4, NULL, '/uploads/image-1755805643661-321027080.jpeg', 'Renjana Beach House', 'Renjana Beach House'),
(66, NULL, 4, NULL, '/uploads/image-1755805656397-707093759.jpeg', 'Renjana Beach House', 'Renjana Beach House'),
(67, NULL, 4, NULL, '/uploads/image-1755805669797-951219211.jpeg', 'Renjana Beach House', 'Renjana Beach House'),
(68, NULL, 4, NULL, '/uploads/image-1755805686020-371201885.jpeg', 'Renjana Beach House', 'Renjana Beach House'),
(69, NULL, 5, NULL, '/uploads/image-1755806746962-534955426.jpeg', 'BaraCoco Bungalows', 'BaraCoco Bungalows'),
(70, NULL, 5, NULL, '/uploads/image-1755806763230-890856261.jpeg', 'BaraCoco Bungalows', 'BaraCoco Bungalows'),
(71, NULL, 5, NULL, '/uploads/image-1755806777437-96095974.jpeg', 'BaraCoco Bungalows', 'BaraCoco Bungalows'),
(72, NULL, 5, NULL, '/uploads/image-1755806790691-409123371.jpeg', 'BaraCoco Bungalows', 'BaraCoco Bungalows'),
(73, NULL, 5, NULL, '/uploads/image-1755806803706-627172686.jpeg', 'BaraCoco Bungalows', 'BaraCoco Bungalows'),
(74, NULL, 5, NULL, '/uploads/image-1755806816201-663897083.jpeg', 'BaraCoco Bungalows', 'BaraCoco Bungalows'),
(75, NULL, 5, NULL, '/uploads/image-1755806833689-839410648.jpeg', 'BaraCoco Bungalows', 'BaraCoco Bungalows'),
(76, NULL, 5, NULL, '/uploads/image-1755806844965-583076229.jpeg', 'BaraCoco Bungalows', 'BaraCoco Bungalows'),
(77, NULL, 5, NULL, '/uploads/image-1755806856337-229595956.jpeg', 'BaraCoco Bungalows', 'BaraCoco Bungalows'),
(78, NULL, 6, NULL, '/uploads/image-1755807619097-779384496.jpeg', 'Panda Beach II', 'Panda Beach II'),
(79, NULL, 6, NULL, '/uploads/image-1755807635499-154704113.jpeg', 'Panda Beach II', 'Panda Beach II'),
(80, NULL, 6, NULL, '/uploads/image-1755807650558-789895673.jpeg', 'Panda Beach II', 'Panda Beach II'),
(81, NULL, 6, NULL, '/uploads/image-1755807671528-425345600.jpeg', 'Panda Beach II', 'Panda Beach II'),
(82, NULL, 6, NULL, '/uploads/image-1755807688315-585080528.jpeg', 'Panda Beach II', 'Panda Beach II'),
(83, NULL, 6, NULL, '/uploads/image-1755807703931-823792716.jpeg', 'Panda Beach II', 'Panda Beach II'),
(84, NULL, 6, NULL, '/uploads/image-1755807723049-715475552.jpeg', 'Panda Beach II', 'Panda Beach II'),
(85, NULL, 6, NULL, '/uploads/image-1755807737703-758102018.jpeg', 'Panda Beach II', 'Panda Beach II'),
(86, NULL, 6, NULL, '/uploads/image-1755807753317-613190045.jpeg', 'Panda Beach II', 'Panda Beach II'),
(87, NULL, 6, NULL, '/uploads/image-1755807768410-970285264.jpeg', 'Panda Beach II', 'Panda Beach II'),
(88, NULL, 7, NULL, '/uploads/image-1755818528922-475562829.jpeg', 'Bara Beach Bungalows', 'Bara Beach Bungalows'),
(89, NULL, 7, NULL, '/uploads/image-1755818542532-115002348.jpeg', 'Bara Beach Bungalows', 'Bara Beach Bungalows'),
(90, NULL, 7, NULL, '/uploads/image-1755818561536-234351202.jpeg', 'Bara Beach Bungalows', 'Bara Beach Bungalows'),
(91, NULL, 7, NULL, '/uploads/image-1755818576668-426496183.jpeg', 'Bara Beach Bungalows', 'Bara Beach Bungalows'),
(92, NULL, 7, NULL, '/uploads/image-1755818588709-930077281.jpeg', 'Bara Beach Bungalows', 'Bara Beach Bungalows'),
(93, NULL, 7, NULL, '/uploads/image-1755818601662-965828473.jpeg', 'Bara Beach Bungalows', 'Bara Beach Bungalows'),
(94, NULL, 7, NULL, '/uploads/image-1755818620873-329453385.jpeg', 'Bara Beach Bungalows', 'Bara Beach Bungalows'),
(95, NULL, 7, NULL, '/uploads/image-1755818638471-637006044.jpeg', 'Bara Beach Bungalows', 'Bara Beach Bungalows'),
(96, NULL, 7, NULL, '/uploads/image-1755818653236-427123.jpg', 'Bara Beach Bungalows', 'Bara Beach Bungalows'),
(97, NULL, 8, NULL, '/uploads/image-1755819386214-563665878.jpg', 'Cosmos Bungalows', 'Cosmos Bungalows'),
(98, NULL, 8, NULL, '/uploads/image-1755819402521-855573830.jpg', 'Cosmos Bungalows', 'Cosmos Bungalows'),
(99, NULL, 8, NULL, '/uploads/image-1755819418154-965510098.jpg', 'Cosmos Bungalows', 'Cosmos Bungalows'),
(100, NULL, 8, NULL, '/uploads/image-1755819431696-87658552.jpg', 'Cosmos Bungalows', 'Cosmos Bungalows'),
(101, NULL, 8, NULL, '/uploads/image-1755819446582-910025601.jpeg', 'Cosmos Bungalows', 'Cosmos Bungalows'),
(102, NULL, 8, NULL, '/uploads/image-1755819461326-522187767.jpeg', 'Cosmos Bungalows', 'Cosmos Bungalows'),
(103, NULL, 8, NULL, '/uploads/image-1755819475974-875243849.jpg', 'Cosmos Bungalows', 'Cosmos Bungalows'),
(104, NULL, 8, NULL, '/uploads/image-1755819488507-600442408.jpeg', 'Cosmos Bungalows', 'Cosmos Bungalows'),
(105, NULL, 9, NULL, '/uploads/image-1755820614788-90414064.jpg', 'Nini`s Beach Bungalows', 'Nini`s Beach Bungalows'),
(106, NULL, 9, NULL, '/uploads/image-1755820630550-771054348.jpeg', 'Nini`s Beach Bungalows', 'Nini`s Beach Bungalows'),
(107, NULL, 9, NULL, '/uploads/image-1755820654958-549268171.jpeg', 'Nini`s Beach Bungalows', 'Nini`s Beach Bungalows'),
(108, NULL, 9, NULL, '/uploads/image-1755820675926-611716489.jpg', 'Nini`s Beach Bungalows', 'Nini`s Beach Bungalows'),
(109, NULL, 9, NULL, '/uploads/image-1755820702046-952855216.jpeg', 'Nini`s Beach Bungalows', 'Nini`s Beach Bungalows'),
(110, NULL, 10, NULL, '/uploads/image-1755821513089-488597233.jpg', 'Kawasan Pantai  Panrang Luhu', 'Villa Panrang Luhu'),
(111, NULL, 10, NULL, '/uploads/image-1755821534540-68501166.jpg', 'Kawasan Pantai  Panrang Luhu', 'Villa Panrang Luhu'),
(112, NULL, 10, NULL, '/uploads/image-1755821551098-298159495.jpg', 'Kawasan Pantai  Panrang Luhu', 'Villa Panrang Luhu'),
(113, NULL, 10, NULL, '/uploads/image-1755821564590-998511509.jpg', 'Kawasan Pantai  Panrang Luhu', 'Villa Panrang Luhu'),
(114, NULL, 10, NULL, '/uploads/image-1755821577044-279485935.jpg', 'Kawasan Pantai  Panrang Luhu', 'Villa Panrang Luhu'),
(115, NULL, 10, NULL, '/uploads/image-1755821591426-309031721.jpg', 'Kawasan Pantai  Panrang Luhu', 'Villa Panrang Luhu'),
(116, NULL, 11, NULL, '/uploads/image-1755822547894-698557636.jpg', 'Kawasan Pantai Bara', 'Mangga Lodge'),
(117, NULL, 11, NULL, '/uploads/image-1755822573333-369381327.jpg', 'Kawasan Pantai Bara', 'Mangga Lodge'),
(118, NULL, 11, NULL, '/uploads/image-1755822601648-488035865.jpg', 'Kawasan Pantai Bara', 'Mangga Lodge'),
(119, NULL, 11, NULL, '/uploads/image-1755822647354-996598943.jpg', 'Kawasan Pantai Bara', 'Mangga Lodge'),
(120, NULL, 11, NULL, '/uploads/image-1755822669999-554082043.jpg', 'Kawasan Pantai Bara', 'Mangga Lodge'),
(121, NULL, 11, NULL, '/uploads/image-1755822692168-317142503.jpg', 'Kawasan Pantai Bara', 'Mangga Lodge'),
(122, NULL, 12, NULL, '/uploads/image-1755823376043-272713914.jpg', 'Kawasan Pantai Bara', 'Tevana House Reef'),
(123, NULL, 12, NULL, '/uploads/image-1755823403419-689205599.jpg', 'Kawasan Pantai Bara', 'Tevana House Reef'),
(124, NULL, 12, NULL, '/uploads/image-1755823434292-862640162.jpg', 'Kawasan Pantai Bara', 'Tevana House Reef'),
(125, NULL, 12, NULL, '/uploads/image-1755823453894-621780151.jpg', 'Kawasan Pantai Bara', 'Tevana House Reef'),
(126, NULL, 12, NULL, '/uploads/image-1755823527226-894811688.jpg', 'Kawasan Pantai Bara', 'Tevana House Reef'),
(127, NULL, 12, NULL, '/uploads/image-1755823507628-152265910.jpg', 'Kawasan Pantai Bara', 'Tevana House Reef'),
(128, NULL, 12, NULL, '/uploads/image-1755823552185-569177785.jpg', 'Kawasan Pantai Bara', 'Tevana House Reef'),
(129, NULL, 13, NULL, '/uploads/image-1755824077865-854661262.jpg', 'Kawasan Pantai Bira', 'Woywoy Paradise'),
(130, NULL, 13, NULL, '/uploads/image-1755824103337-99697856.jpg', 'Kawasan Pantai Bira', 'Woywoy Paradise'),
(131, NULL, 13, NULL, '/uploads/image-1755824128007-857806694.jpg', 'Kawasan Pantai Bira', 'Woywoy Paradise'),
(132, NULL, 13, NULL, '/uploads/image-1755824149495-231877443.jpg', 'Kawasan Pantai Bira', 'Woywoy Paradise'),
(133, NULL, 13, NULL, '/uploads/image-1755824169413-249992236.jpg', 'Kawasan Pantai Bira', 'Woywoy Paradise'),
(134, NULL, 13, NULL, '/uploads/image-1755824191965-790140487.jpg', 'Kawasan Pantai Bira', 'Woywoy Paradise'),
(135, NULL, 13, NULL, '/uploads/image-1755824222934-101245874.jpg', 'Kawasan Pantai Bira', 'Woywoy Paradise'),
(136, NULL, 13, NULL, '/uploads/image-1755824242797-589171789.jpg', 'Kawasan Pantai Bira', 'Woywoy Paradise'),
(137, NULL, 14, NULL, '/uploads/image-1755825199293-711283692.jpeg', 'Kawasan Pantai Bira', 'Woywoy Sunrise Bira'),
(138, NULL, 14, NULL, '/uploads/image-1755825223238-379340267.jpeg', 'Kawasan Pantai Bira', 'Woywoy Sunrise Bira'),
(139, NULL, 14, NULL, '/uploads/image-1755825248782-903991960.jpg', 'Kawasan Pantai Bira', 'Woywoy Sunrise Bira'),
(140, NULL, 14, NULL, '/uploads/image-1755825275691-903811738.jpeg', 'Kawasan Pantai Bira', 'Woywoy Sunrise Bira'),
(141, NULL, 14, NULL, '/uploads/image-1755825308946-598262620.jpeg', 'Kawasan Pantai Bira', 'Woywoy Sunrise Bira'),
(142, NULL, 14, NULL, '/uploads/image-1755825332470-650897246.jpeg', 'Kawasan Pantai Bira', 'Woywoy Sunrise Bira'),
(143, NULL, 15, NULL, '/uploads/image-1755826184849-754481098.jpg', 'Kawasan Pantai Bira', 'Amatoa Resort'),
(144, NULL, 15, NULL, '/uploads/image-1755826208355-209170436.jpg', 'Kawasan Pantai Bira', 'Amatoa Resort'),
(145, NULL, 15, NULL, '/uploads/image-1755826225921-354511460.jpg', 'Kawasan Pantai Bira', 'Amatoa Resort'),
(146, NULL, 15, NULL, '/uploads/image-1755826245494-881204910.jpg', 'Kawasan Pantai Bira', 'Amatoa Resort'),
(147, NULL, 15, NULL, '/uploads/image-1755826266913-534862066.jpg', 'Kawasan Pantai Bira', 'Amatoa Resort'),
(148, NULL, 15, NULL, '/uploads/image-1755826280980-295637385.jpg', 'Kawasan Pantai Bira', 'Amatoa Resort'),
(149, NULL, 15, NULL, '/uploads/image-1755826298046-394413669.jpg', 'Kawasan Pantai Bira', 'Amatoa Resort'),
(150, NULL, 15, NULL, '/uploads/image-1755826311386-433923990.jpg', 'Kawasan Pantai Bira', 'Amatoa Resort'),
(151, NULL, 15, NULL, '/uploads/image-1755826327951-476119810.jpg', 'Kawasan Pantai Bira', 'Amatoa Resort'),
(152, NULL, 15, NULL, '/uploads/image-1755826346344-55748355.jpg', 'Kawasan Pantai Bira', 'Amatoa Resort'),
(153, NULL, NULL, 2, '/uploads/image-1755855362466-801942779.jpg', 'Kota Bulukumba', 'RM Agri'),
(154, NULL, NULL, 3, '/uploads/image-1755855854747-898418869.jpg', 'Kota Bulukumba', 'Grand 99 Cafe & Resto'),
(155, NULL, NULL, 3, '/uploads/image-1755855889519-422741330.jpg', 'Kota Bulukumba', 'Grand 99 Cafe & Resto'),
(156, NULL, NULL, 4, '/uploads/image-1755883358004-183153511.jpg', 'Jl.Poros Bira', 'Cafe & Resto Kampoeng Nelayan'),
(157, NULL, NULL, 4, '/uploads/image-1755883374294-505384747.jpg', 'Jl.Poros Bira', 'Cafe & Resto Kampoeng Nelayan'),
(158, NULL, NULL, 5, '/uploads/image-1755883407218-586182726.jpeg', 'Jl.Poros Bira', 'Pinisi garden'),
(159, NULL, NULL, 5, '/uploads/image-1755883422316-137731973.jpeg', 'Jl.Poros Bira', 'Pinisi garden'),
(160, NULL, NULL, 5, '/uploads/image-1755883437199-106530986.png', 'Jl.Poros Bira', 'Pinisi garden'),
(161, NULL, NULL, 6, '/uploads/image-1755884591615-353207300.webp', 'Kota Bulukumba', 'Natural Cafe dan Resto'),
(162, NULL, NULL, 6, '/uploads/image-1755884612399-376075472.jpg', 'Natural Cafe dan Resto', 'Natural Cafe dan Resto'),
(163, NULL, NULL, 7, '/uploads/image-1755885263558-140856466.jpg', 'Kota Bulukumba', 'Oentoeng Space, Cafe ,Resto & Mini Soccer'),
(164, NULL, NULL, 7, '/uploads/image-1755885282024-754963435.jpg', 'Kota Bulukumba', 'Oentoeng Space, Cafe ,Resto & Mini Soccer'),
(165, NULL, NULL, 7, '/uploads/image-1755885300419-333584241.jpg', 'Kota Bulukumba', 'Oentoeng Space, Cafe ,Resto & Mini Soccer'),
(166, NULL, 16, NULL, '/uploads/image-1755959651663-721000582.jpg', 'Kawasan Pantai Bira', 'Paduppa Resort'),
(167, NULL, 16, NULL, '/uploads/image-1755959666104-430089977.jpeg', 'Kawasan Pantai Bira', 'Paduppa Resort'),
(168, NULL, 16, NULL, '/uploads/image-1755959682087-895356322.jpg', 'Kawasan Pantai Bira', 'Paduppa Resort'),
(169, NULL, 16, NULL, '/uploads/image-1755959721100-796256453.jpeg', 'Kawasan Pantai Bira', 'Paduppa Resort'),
(170, NULL, 16, NULL, '/uploads/image-1755959736142-45037406.jpeg', 'Kawasan Pantai Bira', 'Paduppa Resort'),
(171, NULL, 16, NULL, '/uploads/image-1755959767086-801916963.jpeg', 'Kawasan Pantai Bira', 'Paduppa Resort'),
(172, NULL, 16, NULL, '/uploads/image-1755959785021-514401945.jpeg', 'Kawasan Pantai Bira', 'Paduppa Resort'),
(173, NULL, 16, NULL, '/uploads/image-1755959803109-159922883.jpg', 'Kawasan Pantai Bira', 'Paduppa Resort');

-- --------------------------------------------------------

--
-- Struktur dari tabel `hotel`
--

CREATE TABLE `hotel` (
  `id_hotel` int(11) NOT NULL,
  `id_kategori` int(11) NOT NULL,
  `nama_hotel` varchar(255) NOT NULL,
  `deskripsi` text DEFAULT NULL,
  `harga_kamar` varchar(100) DEFAULT NULL,
  `alamat_hotel` text DEFAULT NULL,
  `nomor_telepon` varchar(50) DEFAULT NULL,
  `website` varchar(255) DEFAULT NULL,
  `fasilitas` text DEFAULT NULL,
  `peta_hotel` text DEFAULT NULL,
  `keterangan` text DEFAULT NULL,
  `average_rating` decimal(3,2) DEFAULT 0.00,
  `total_reviews` int(11) DEFAULT 0
) ENGINE=InnoDB DEFAULT CHARSET=utf8mb4 COLLATE=utf8mb4_unicode_ci;

--
-- Dumping data untuk tabel `hotel`
--

INSERT INTO `hotel` (`id_hotel`, `id_kategori`, `nama_hotel`, `deskripsi`, `harga_kamar`, `alamat_hotel`, `nomor_telepon`, `website`, `fasilitas`, `peta_hotel`, `keterangan`, `average_rating`, `total_reviews`) VALUES
(2, 5, 'Hotel Agri', 'Bagi Anda, wisatawan yang ingin bepergian dengan nyaman dengan anggaran terbatas, Hotel Agri Bulukumba adalah tempat menginap yang sempurna yang menyediakan fasilitas layak serta layanan hebat.\nMulai dari acara bisnis hingga corporate gathering, Hotel Agri Bulukumba menyediakan layanan dan fasilitas lengkap yang Anda dan rekan kerja butuhkan.\nBersenang-senanglah dengan berbagai fasilitas hiburan untuk Anda dan seluruh keluarga di Hotel Agri Bulukumba, akomodasi yang luar biasa untuk liburan keluarga Anda.\n\nJika Anda berencana untuk menginap dalam jangka panjang, menginap di Hotel Agri Bulukumba adalah pilihan yang tepat untuk Anda. Menyediakan berbagai fasilitas dan kualitas layanan yang hebat, akomodasi ini tentu membuat Anda betah.\nHotel Agri Bulukumba adalah pilihan paling cerdas bagi Anda yang mencari akomodasi terjangkau dengan pelayanan luar biasa.\nMeja depan 24 jam tersedia untuk melayani Anda, mulai dari check-in hingga check-out, atau bantuan apa pun yang Anda butuhkan. Jika Anda menginginkan lebih, jangan ragu untuk bertanya kepada meja depan, kami selalu siap mengakomodasi Anda.\nNikmati hidangan favorit Anda dengan masakan spesial dari Hotel Agri Bulukumba khusus untuk Anda.\nWi-Fi tersedia di area umum properti untuk membantu Anda tetap terhubung dengan keluarga dan teman.\nHotel Agri Bulukumba adalah hotel dengan kenyamanan luar biasa dan pelayanan prima menurut sebagian besar tamu hotel.\nHotel Agri Bulukumba adalah pilihan ideal bagi Anda yang mencari akomodasi yang nyaman namun terjangkau.', 'Mulai Rp.327.600/Malam', 'Jalan R Soeprapto No.17, Ujung Bulu, Bulukumba, Sulawesi Selatan, Indonesia, 92513', '+62 821-8805-9515', 'https://www.instagram.com/hotelagribulukumba/', '-Restoran\n-Resepsionis 24 Jam\n-Parkir\n-Wi-Fi', '<iframe src=\"https://www.google.com/maps/embed?pb=!1m18!1m12!1m3!1d3971.0616541925638!2d120.18640900963918!3d-5.557880194399288!2m3!1f0!2f0!3f0!3m2!1i1024!2i768!4f13.1!3m3!1m2!1s0x2dbbff914ce1cfdf%3A0x38cecfe405411fa3!2sHotel%20AGRI!5e0!3m2!1sid!2sid!4v1755802792801!5m2!1sid!2sid\" width=\"600\" height=\"450\" style=\"border:0;\" allowfullscreen=\"\" loading=\"lazy\" referrerpolicy=\"no-referrer-when-downgrade\"></iframe>', '', 0.00, 0),
(3, 5, 'Akasha Beach Club', 'Berlokasi di Bulukumba, beberapa langkah dari Pantai Tanjung Bira, Akasha Beach Club menyediakan akomodasi dengan teras, parkir pribadi gratis, dan bar. Staf akomodasi dapat mengatur transfer bandara.\nDi resor, setiap kamar dilengkapi dengan patio. Setiap kamar dilengkapi kamar mandi pribadi, brankas, dan WiFi gratis, sementara kamar tertentu dilengkapi balkon dan beberapa unit lainnya menampilkan pemandangan laut. Semua unit di Akasha Beach Club memiliki AC dan meja kerja.\nSarapan kontinental, Asia, atau vegetarian tersedia harian di akomodasi. Anda akan menemukan restoran yang menyajikan masakan Indonesia, Pizza, dan lokal di Akasha Beach Club. Pilihan hidangan vegetarian dan halal juga dapat dipesan.Anda dapat bermain biliar di resort.\nPantai Bara berjarak 8 menit jalan kaki dari Akasha Beach Club, sementara Pantai Panrangluhu terletak sejauh 2,5 km.', 'Mulai  Rp 1.900.000/malam', 'Jl. Poros Bara, Tanjung Bira, Kab. Bulukumba, Tanjung Bira, Bulukumba, Sulawesi Selatan, Indonesia, 92571', '+6285756662695', 'http://www.akasha-beach.com/', '-AC\n-Restaurant\n-Parking\n-WiFi', '<iframe src=\"https://www.google.com/maps/embed?pb=!1m18!1m12!1m3!1d3970.717242940396!2d120.4476553096396!3d-5.608715594348695!2m3!1f0!2f0!3f0!3m2!1i1024!2i768!4f13.1!3m3!1m2!1s0x2dbbf3a0dfab3603%3A0x53c4f0179840a279!2sAkasha%20Beach%20Club!5e0!3m2!1sid!2sid!4v1755803258842!5m2!1sid!2sid\" width=\"600\" height=\"450\" style=\"border:0;\" allowfullscreen=\"\" loading=\"lazy\" referrerpolicy=\"no-referrer-when-downgrade\"></iframe>', '', 0.00, 0),
(4, 5, 'Renjana House', 'Renjana House terletak di Lemo-Lemo, Kabupaten Bulukumba, Sulawesi Selatan. Akomodasi ini menyediakan fasilitas lengkap seperti kamar deluxe dengan bathtub dan rooftop, beberapa kamar superior dengan shower dan water heater, ruang tengah, area makan, dapur lengkap, serta kolam renang infinity yang menghadap laut—semuanya termasuk sarapan.\nRenjana House merupakan titik basecamp yang strategis untuk menjelajahi keindahan alam Bulukumba. Wisatawan dapat menikmati keheningan dan keasrian Pantai Lemo-Lemo dan Gua Lemo-Lemo hanya dengan berjalan kaki. Untuk variasi, kunjungan singkat ke Pantai Bira, pemandangan dramatis di Tebing Apparalang, eksplorasi Pulau Liukang Loe dan Pulau Kambing, serta relaksasi di Telaga Biru merupakan opsi menarik yang bisa dicapai dalam waktu tempuh sekitar 30–40 menit.\nPerjalanan menuju Renjana House di Lemo-Lemo, Bulukumba dari Bandara Internasional Sultan Hasanuddin menempuh jarak sekitar 192 km, yang biasanya dapat ditempuh dengan kendaraan pribadi atau sewaan dalam waktu sekitar 4—5 jam berkendara tergantung kondisi lalu lintas dan jalur yang dilewati . Rute umum meliputi perjalanan keluar dari kawasan Makassar, melintasi jalur pantai selatan Sulawesi, melewati beberapa kota kecil dan jalan dataran hingga tiba di pesisir Bulukumba. Lancarnya perjalanan juga sangat tergantung pada kondisi jalan dan kecepatan arus kendaraan, sehingga disarankan untuk mempersiapkan waktu perjalanan dengan fleksibel agar tiba di penginapan pada waktu ideal untuk beristirahat dan menikmati pemandangan sekitar.', 'Mulai Rp 2.028.600/Malam', ' Jalan Pantai lemo lemo, Tanah Lemo, Bulukumba Regency, South Sulawesi 92571, Bonto Bahari, Bulukumba, Sulawesi Selatan, Indonesia, 92571', '+6282157788484', 'http://renjana.co.id/', '-Kolam renang outdoor\n-Antar-jemput bandara\n-Kamar bebas rokok\n-layanan kamar\n-Parkir gratis\n-Tepi pantai\n-Sarapan', '<iframe src=\"https://www.google.com/maps/embed?pb=!1m18!1m12!1m3!1d3970.8692993153827!2d120.39209630963937!3d-5.586328794370984!2m3!1f0!2f0!3f0!3m2!1i1024!2i768!4f13.1!3m3!1m2!1s0x2dbbf713d42754e7%3A0x8542c5c978ed4b8b!2sRenjana%20Beach%20House!5e0!3m2!1sid!2sid!4v1755804421254!5m2!1sid!2sid\" width=\"600\" height=\"450\" style=\"border:0;\" allowfullscreen=\"\" loading=\"lazy\" referrerpolicy=\"no-referrer-when-downgrade\"></iframe>', NULL, 0.00, 0),
(5, 5, 'BaraCoco Bungalows', 'BaraCoco Bungalows, yang terletak di Jalan Bara, kawasan Tanjung Bira, Bulukumba, adalah penginapan yang menyatu dengan pemandangan pantai tropis—dikelilingi hamparan pasir putih bersih dan pohon kelapa yang rindang, menjadikannya tempat ideal untuk relaksasi.Lokasinya sangat strategis dan dekat dengan beberapa atraksi wisata unggulan: hanya sekitar 1,2 km dari Pantai Tanjung Bira, memungkinkan tamu berjalan kaki menikmati ombak dan panorama laut; serta sekitar 2,6 km dari Pelabuhan Feri Pamatata, akses utama ke pulau-pulau sekitar Selain itu, tamu dapat menikmati hiking, snorkeling, dan diving atau menjelajah kebudayaan lokal seperti pembuatan kapal Pinisi. Kombinasi akses pantai yang dekat dan suasana akomodasi tropis membuat BaraCoco Bungalows menjadi pilihan terbaik bagi yang ingin menikmati keindahan alam dan aktivitas di Bulukumba secara santai dan nyaman.\n\nPerjalanan menuju Renjana House (Renjana Beach House) di Lemo-Lemo, Bulukumba, dimulai dari Bandara Internasional Sultan Hasanuddin. Jarak yang ditempuh sekitar 192 km dari bandaraya Makassar hingga pesisir Bulukumba, dan rata-rata waktu tempuh berkisar 4 hingga 5 jam berkendara, tergantung kondisi lalu lintas dan kecepatan perjalanan. Disarankan menggunakan kendaraan pribadi atau sewaan. Rutenya melibatkan perjalanan keluar kota Makassar, melalui jalur pantai selatan Sulawesi—menyusuri kota kecil sembari menikmati panorama laut—sampai tiba di Lemo-Lemo, lokasi penginapan Renjana House. Menyiapkan waktu fleksibel akan memperlancar perjalanan, sehingga tiba di penginapan dalam kondisi ideal untuk istirahat dan menikmati pemandangan sekitar.', 'Mulai Rp.685.000/Malam', 'Jl. Bara Bira, Darubiah, Kec. Bonto Bahari, Kabupaten Bulukumba, Sulawesi Selatan 92571', '+6281355848601', 'https://www.instagram.com/baracocobungalows/', '-Kamar bebas rokok\n-Antar-jemput bandara\n-Restoran\nLayanan kamar\n-WiFi gratis\n-Parkir gratis\n-Tepi pantai\n-Sarapan', '<iframe src=\"https://www.google.com/maps/embed?pb=!1m18!1m12!1m3!1d3970.7235962826967!2d120.43715830963954!3d-5.607781994349645!2m3!1f0!2f0!3f0!3m2!1i1024!2i768!4f13.1!3m3!1m2!1s0x2dbbf43d2190fdbf%3A0x683473e874090e94!2sBaraCoco%20Bungalows!5e0!3m2!1sid!2sid!4v1755806047991!5m2!1sid!2sid\" width=\"600\" height=\"450\" style=\"border:0;\" allowfullscreen=\"\" loading=\"lazy\" referrerpolicy=\"no-referrer-when-downgrade\"></iframe>', NULL, 0.00, 0),
(6, 5, 'Panda Beach II', 'Penginapan Panda Beach Baru berada di lokasi yang sangat strategis dekat dengan berbagai atraksi wisata unggulan Bulukumba. Hanya sekitar 700 meter dari penginapan, pengunjung dapat menikmati keindahan Pantai Tanjung Bira, pantai berpasir putih yang jernih dan eksotis. Selain itu, pelabuhan feri Pamatata Harbour juga hanya sekitar 1,1 km dari lokasi—memudahkan akses ke pulau-pulau sekitarnya . Kedekatannya dengan pantai dan jalur transportasi laut menjadikan Panda Beach Baru pilihan ideal bagi wisatawan yang ingin santai sambil menjelajahi keindahan alam dan budaya laut Bulukumba.\n\nPerjalanan menuju Panda Beach Baru di Tanjung Bira dari Bandara Internasional Sultan Hasanuddin menempuh jarak sekitar 215 km dengan waktu tempuh kurang lebih 5–6 jam berkendara melalui jalur selatan Sulawesi. Penginapan ini berlokasi strategis karena hanya berjarak sekitar 700 meter dari Pantai Tanjung Bira yang terkenal dengan pasir putih dan laut jernih, serta sekitar 1,1 km dari Pelabuhan Pamatata yang menjadi akses ke pulau-pulau sekitar. Kedekatan dengan pantai dan jalur transportasi laut menjadikan Panda Beach Baru pilihan ideal bagi wisatawan yang ingin menikmati pesona alam Bulukumba dengan nyaman.', 'Mulai Rp.691.000/Malam', 'Pasir Putih Tanjung Bira, Tanjung Bira, Bulukumba, Sulawesi Selatan, Indonesia', '+62 821-9722-3396', 'https://www.instagram.com/pandabeachbira_real/', '-Parkir gratis\n-Area BBQ & ruang makan outdoor\n-Fasilitas rapat/meeting\n-Keamanan 24 jam\n-Akses ramah disabilitas\n-Lobby\n-Restoran, kafe, bar', '<iframe src=\"https://www.google.com/maps/embed?pb=!1m18!1m12!1m3!1d3970.692064963649!2d120.45017973479344!3d-5.612413881964427!2m3!1f0!2f0!3f0!3m2!1i1024!2i768!4f13.1!3m3!1m2!1s0x2dbbf3ed8782f34f%3A0xad57c0421cfdf2fe!2sPanda%20Beach%202!5e0!3m2!1sid!2sid!4v1755807192090!5m2!1sid!2sid\" width=\"600\" height=\"450\" style=\"border:0;\" allowfullscreen=\"\" loading=\"lazy\" referrerpolicy=\"no-referrer-when-downgrade\"></iframe>', NULL, 0.00, 0),
(7, 5, 'Bara Beach Bungalows', 'Semua orang butuh beristirahat. Untuk wisatawan yang mengunjungi Bira, Bara Beach Bungalows merupakan pilihan terbaik untuk beristirahat dan memulihkan diri. Terkenal karena suasana sesuai untuk keluarga dan lokasinya yang dekat dengan restoran populer, Bara Beach Bungalows membuat Anda mudah menikmati yang terbaik dari Bira.\nAnda akan menikmati kenyamanan kamar yang menawarkan penyejuk udara dan kulkas, dan anda dapat tetap menggunakan internet pada saat menginap karena Bara Beach Bungalows menawarkan wi-fi umum.\nB & b menawarkan penyimpanan bagasi dan teras terbuka. Dan, Bara Beach Bungalows juga menyediakan sarapan, untuk memulihkan diri dari hari yang sibuk. Untuk tamu yang mengemudi, parkir gratis tersedia.\nJika Anda merasa lapar, jangan lupa untuk mampir ke Anda Beach Hotel & Restaurant, Warung Bamboo, dan Salassa, restoran asia yang populer dengan warga sekitar dan pengunjung dari luar kota.\nBara Beach Bungalows akan membuat kunjungan Anda ke Bira tidak terlupakan.', 'Mulai Rp 1.064.701/Malam', 'Jl. Bara, Bira, Kec. Bonto Bahari, Kabupaten Bulukumba, Sulawesi Selatan 92711', '+6281340413340', 'http://www.bara-beach.com/', '-Kamar bebas rokok\n-Restoran\n-Layanan kamar\n-WiFi gratis\n-Parkir gratis\n-Tepi pantai\n-Kamar keluarga\n-Sarapan', '<iframe src=\"https://www.google.com/maps/embed?pb=!1m18!1m12!1m3!1d3970.718410793189!2d120.43609670963966!3d-5.608543994348893!2m3!1f0!2f0!3f0!3m2!1i1024!2i768!4f13.1!3m3!1m2!1s0x2dbf1d5a00b50fc9%3A0x28c8d2956b5ddc86!2sBara%20Beach%20Bungalows!5e0!3m2!1sid!2sid!4v1755817931469!5m2!1sid!2sid\" width=\"600\" height=\"450\" style=\"border:0;\" allowfullscreen=\"\" loading=\"lazy\" referrerpolicy=\"no-referrer-when-downgrade\"></iframe>', NULL, 0.00, 0),
(8, 5, 'Cosmos Bungalows', 'Cosmos Bungalows terletak tepat di Pantai Bara di Bira, menawarkan akomodasi tepi pantai yang simpel dan indah di mana setiap bungalow menampilkan pemandangan laut. Tempat parkir gratis tersedia di hotel jika Anda membawa kendaraan. Akomodasi ini memiliki banyak tangga dan mungkin tidak cocok untuk anak-anak tua atau anak-anak.\n\nDibutuhkan waktu 10 menit berkendara dari properti ke Industri Pemakaman Kapal Phinisi, dan sekitar 5 jam berkendara ke Bandara Internasional Sultan Hasanuddin Makassar.\n\nSemua kamar di Cosmos Bungalows dilengkapi kipas angin, area untuk duduk bersantai, dan rak pakaian. Beberapa kamar menyuguhkan pemandangan laut, sementara kamar lainnya menyuguhkan pemandangan taman. Kamar mandi dalamnya menyediakan fasilitas toilet, sementara handuk dan seprai bersih disediakan di setiap kamar.\n\nStaf yang ramah di akomodasi ini dapat membantu Anda mengatur layanan antar-jemput bandara dengan biaya tambahan.\n', 'Mulai Rp 660.000/Malam', ' Bira, Kabupaten Bulukumba, Sulawesi Selatan', '+6282292608820', 'http://www.cosmosbungalows.com/', '-Parkir gratis\n-Tepi pantai\n-Bar\n-Sarapan', '<iframe src=\"https://www.google.com/maps/embed?pb=!1m18!1m12!1m3!1d3970.7299553742555!2d120.44344010963957!3d-5.606847394350558!2m3!1f0!2f0!3f0!3m2!1i1024!2i768!4f13.1!3m3!1m2!1s0x2dbbf3f9ecec4f71%3A0xa6132593db2c9f11!2sCosmos%20Bungalows!5e0!3m2!1sid!2sid!4v1755818850974!5m2!1sid!2sid\" width=\"600\" height=\"450\" style=\"border:0;\" allowfullscreen=\"\" loading=\"lazy\" referrerpolicy=\"no-referrer-when-downgrade\"></iframe>', NULL, 0.00, 0),
(9, 5, 'Nini`s Beach Bungalows', 'Nini\'s Beach Bungalows adalah penginapan yang menawarkan suasana tenang dan pribadi di kawasan Pantai Bara, Bulukumba. Penginapan ini sangat cocok bagi Anda yang mencari ketenangan karena hanya memiliki beberapa unit bungalow saja, menciptakan nuansa seperti rumah sendiri. Setiap bungalow dilengkapi dengan pemandangan laut, AC, kamar mandi pribadi, dan balkon atau teras.\n\nKeunggulan utama dari Nini\'s Beach Bungalows adalah lokasinya yang strategis. Penginapan ini memiliki akses langsung ke area pantai pribadi yang bersih dan sangat dekat dengan Pantai Bara. Beragam aktivitas bisa Anda nikmati di sini, mulai dari bersantai di tepi pantai, snorkeling, hingga bersepeda. Selain itu, Anda juga tidak perlu khawatir soal makan karena tersedia restoran di lokasi yang menyajikan sarapan lezat dan hidangan lainnya. Pelayanan yang ramah dan kekeluargaan dari pemilik serta staf menjadi nilai tambah yang membuat pengalaman menginap terasa hangat dan menyenangkan.', 'Mulai Rp785.000/Malam', 'Jl. Bara, Desa Bira Bonto Bahari Bulukumba, Bira 92571 Indonesia', '+6282195775829', 'https://www.instagram.com/ninisbeachbungalows/', '-Parkir\n-Akses Langsung ke Pantai\n-Bungalow Pemandangan Laut\n-Kenyamanan Kamar (AC, kamar mandi pribadi)\n-Balkon atau Teras Pribadi\n\nRestoran di Lokasi\n\nWi-Fi', '<iframe src=\"https://www.google.com/maps/embed?pb=!1m18!1m12!1m3!1d3970.729947210039!2d120.44234110963959!3d-5.606848594350571!2m3!1f0!2f0!3f0!3m2!1i1024!2i768!4f13.1!3m3!1m2!1s0x2dbbf3f9bdce36f3%3A0x56bf1f221da8732d!2sNini&#39;s%20Beach%20Bungalows!5e0!3m2!1sid!2sid!4v1755820112154!5m2!1sid!2sid\" width=\"600\" height=\"450\" style=\"border:0;\" allowfullscreen=\"\" loading=\"lazy\" referrerpolicy=\"no-referrer-when-downgrade\"></iframe>', NULL, 0.00, 0),
(10, 5, 'Villa Panrang Luhu', 'Villa Panrangluhu adalah sebuah penginapan yang terletak strategis di kawasan Pantai Panrang Luhu, Bulukumba, dengan akses langsung ke Pantai Panrangluhu yang indah. Penginapan ini menawarkan akomodasi berupa kamar dan bungalow dengan pemandangan laut yang menawan, serta fasilitas modern seperti AC dan kamar mandi pribadi.', 'Mulai Rp.300.000/Malam', 'Jalan Poros Pelabuhan Bira', '+6282190000242', 'https://www.instagram.com/villapanrangluhu/', '-Kamar dan Bungalow dengan Pemandangan Laut\n-AC\n-Kamar Mandi Pribadi\n-Akses Langsung ke Pantai Panrangluhu\n-Fasilitas Olahraga Air\n-Parkir Pribadi Gratis\n-Teras/Balkon Pribadi', '<iframe src=\"https://www.google.com/maps/embed?pb=!1m18!1m12!1m3!1d3970.7699853366476!2d120.45905690963959!3d-5.60096059435641!2m3!1f0!2f0!3f0!3m2!1i1024!2i768!4f13.1!3m3!1m2!1s0x2dbbf586865d0261%3A0x1e420647409766c9!2sVilla%20Panrang%20Luhu!5e0!3m2!1sid!2sid!4v1755820818115!5m2!1sid!2sid\" width=\"600\" height=\"450\" style=\"border:0;\" allowfullscreen=\"\" loading=\"lazy\" referrerpolicy=\"no-referrer-when-downgrade\"></iframe>', NULL, 0.00, 0),
(11, 5, 'Mangga Lodge', 'Mangga Lodge menawarkan liburan tropis tepat di seberang Pantai Bara. Terletak di tengah kawasan hijau yang subur, properti tepi pantai ini memiliki restoran dan kamar-kamar ber-AC dengan teras atau balkon pribadi.\nDalam 10 menit berkendara dari Mangga Lodge akan membawa Anda ke Pantai Bira yang berpasir putih, sementara 10-menit naik perahu dari properti membawa Anda ke Pulau Liukang, yang terkenal dengan tempat snorkelling-nya. Bandara Sultan Hasanuddin berjarak 5 jam berkendara dari akomodasi.\nMasing-masing kamar menyediakan meja, lemari pakaian, dan area tempat duduk. Anda dapat menikmati pemandangan hijau yang menenangkan dari teras atau balkon pribadi. Kamar mandi pribadi semi terbuka menawarkan fasilitas shower.\nMenyediakan fasilitas barbekyu di areanya, Mangga Lodge menawarkan layanan mengatur perjalanan menyelam, snorkelling, dan hiking.\nMangga Lodge Restaurant mengkhususkan diri dengan hidangan Indonesia dan Barat. Sarapan dapat diantar ke kamar Anda setiap pagi.', 'Mulai  Rp 990.000/Malam', 'Bira-Bulukumba Selatan, Bira Indonesia', '+491722693861', 'http://www.mangga-lodge.com/', '-Kamar bebas rokok\n-Tepi pantai\n-Restoran\n-WiFi gratis\n-Parkir gratis\n-Kamar keluarga\n-Bar\n-Sarapan', '<iframe src=\"https://www.google.com/maps/embed?pb=!1m18!1m12!1m3!1d3970.7245890673094!2d120.43665610963967!3d-5.6076360943498065!2m3!1f0!2f0!3f0!3m2!1i1024!2i768!4f13.1!3m3!1m2!1s0x2dbbf46c8e9dc205%3A0xb15e9ec3813245fe!2sMangga%20Lodge!5e0!3m2!1sid!2sid!4v1755822127811!5m2!1sid!2sid\" width=\"600\" height=\"450\" style=\"border:0;\" allowfullscreen=\"\" loading=\"lazy\" referrerpolicy=\"no-referrer-when-downgrade\"></iframe>', NULL, 0.00, 0),
(12, 5, 'Tevana House Reef', 'Terletak sejauh beberapa langkah dari Pantai Tanjung Bira, Tevana House Reef menawarkan akomodasi, restoran, taman, teras, dan bar.\nTerdapat kamar mandi pribadi dengan bidet, amenitas kamar mandi gratis, dan pengering rambut di semua unit.\nJika ingin menjelajahi area ini, Anda bisa mendaki di sekitarnya, dan rumah liburan dapat mengatur rental sepeda.\nPantai Bara berjarak kurang dari 1 km dari Tevana House Reef, sementara Pantai Panrangluhu terletak sejauh 2,5 km.', 'Mulai Rp 1.452.000/Malam', 'Jalan Poros Bara, Pantai Bara, Bontobahari, Bira, Bonto Bahari, Bira, Kec. Bonto Bahari, Kabupaten Bulukumba, Sulawesi Selatan 92571', '+6285242068467', 'http://www.tevanahousereef.com/', '-Kamar bebas rokok\n-Tepi pantai\n-Restoran\n-Parkir gratis\n-Kamar keluarga\n-Bar\n-Sarapan', 'https://maps.app.goo.gl/xTvwK9PUkTLoQQaG8', NULL, 0.00, 0),
(13, 5, 'Woywoy Paradise', 'Terletak di Bira, 15 menit jalan kaki dari Pantai Panrangluhu, Woywoy Paradise menawarkan akomodasi dengan kolam renang outdoor, parkir pribadi gratis, dan teras. Pantai Tanjung Bira lokasinya sejauh 18 menit jalan kaki, dan Pantai Bara berjarak 2,7 km dari hotel.\n\nDi hotel, setiap kamar memiliki balkon. Selain memiliki kamar mandi pribadi dengan bidet dan amenitas kamar mandi gratis, kamar di Woywoy Paradise juga memiliki pemandangan laut. Di Woywoy Paradise, kamar dilengkapi seprai dan handuk.\nHotel menawarkan sarapan Asia atau halal. Anda akan menemukan restoran yang menyajikan masakan Indonesia di Woywoy Paradise. Pilihan hidangan vegetarian dan halal juga dapat dipesan.', 'Mulai Rp 678.150/Malam', 'Bira, Kec. Bonto Bahari, Kabupaten Bulukumba, Sulawesi Selatan 92571', '+6285394347664', 'http://woywoyresort.com/', '-2 kolam renang\n-Kamar bebas rokok\n-Restoran\n-Layanan kamar\n-Parkir gratis\n-Sarapan', '<iframe src=\"https://www.google.com/maps/embed?pb=!1m18!1m12!1m3!1d3970.691510521302!2d120.46505340963961!3d-5.612495294344942!2m3!1f0!2f0!3f0!3m2!1i1024!2i768!4f13.1!3m3!1m2!1s0x2dbbf55987557c73%3A0xe34565d2ba8befa7!2sWoywoy%20Paradise!5e0!3m2!1sid!2sid!4v1755823696625!5m2!1sid!2sid\" width=\"600\" height=\"450\" style=\"border:0;\" allowfullscreen=\"\" loading=\"lazy\" referrerpolicy=\"no-referrer-when-downgrade\"></iframe>', NULL, 0.00, 0),
(14, 5, 'Woywoy Sunrise Bira', 'Woywoy Sunrise awalnya terinspirasi oleh beach box atau bathing box di Pantai Brighton, Australia yang berwarna-warni. Saat ini telah berganti warna menjadi putih turkois. Di pagi hari, tamu dapat menyaksikan matahari terbit yang indah tepat di depan cottage, berenang di sore hari di kolam renang mini, atau menyaksikan feri dan perahu berlayar di laut sekitar.\n\nTersedia 6 cottage, masing-masing dengan kamar mandi pribadi semi terbuka, AC, dan tempat tidur queen. Area duduk komunal dan sofa daybed tersedia bagi tamu untuk bersantai di dekat kolam renang mini. Tarif standar sudah termasuk sarapan untuk  dua orang dan disajikan mulai pukul 7 pagi .', 'Rp.300.000', 'Jl. Pantai Sunrise, Bira, Sulawesi Selatan', '+62 853-9434-7664', 'http://woywoyresort.com/', '-Parkir\n-Kolam Renang\n-wifi\n-lounge', '<iframe src=\"https://www.google.com/maps/embed?pb=!1m18!1m12!1m3!1d3970.7079832094337!2d120.46633899999999!3d-5.610075999999999!2m3!1f0!2f0!3f0!3m2!1i1024!2i768!4f13.1!3m3!1m2!1s0x2dbbf38e5b1cc8b1%3A0xa254de218813240!2sWoywoy%20Sunrise%20Bira!5e0!3m2!1sid!2sid!4v1755824736365!5m2!1sid!2sid\" width=\"600\" height=\"450\" style=\"border:0;\" allowfullscreen=\"\" loading=\"lazy\" referrerpolicy=\"no-referrer-when-downgrade\"></iframe>', NULL, 0.00, 0),
(15, 5, 'Amatoa Resort', 'Tempat liburan tropis menanti Anda di Amatoa Resort, hanya berjarak 3 menit jalan kaki dari pantai berpasir putih Bira. Resor ini menyuguhkan pemandangan laut yang indah, menawarkan kolam renang outdoor dan bungalow-bungalow ber-AC dengan teras pribadi.\nSetiap bungalow yang luas dan stylish menampilkan karya seni, dan tempat tidur 4 tiang dengan kelambu. Terdapat juga sofa daybed dan area untuk duduk bersantai. Kamar mandi pribadinya menyediakan shower dan perlengkapan mandi gratis.\n\nAnda dapat berjemur di tepi kolam renang sambil menikmati pemandangan laut, atau melakukan kegiatan menyelam. Staf meja layanan wisata dapat membantu Anda mengatur perjalanan wisata. Fasilitas lain yang tersedia termasuk layanan binatu, layanan penitipan bagasi, dan tempat parkir gratis.\nAnda dapat menikmati hidangan khas Indonesia, Eropa, dan hidangan laut di restoran resor. Layanan kamar juga tersedia untuk Anda yang ingin bersantap di dalam kamar.\nAmatoa Resort terletak di ujung tenggara Sulawesi Selatan, berjarak 5 jam berkendara dari bandara internasional Hassanuddin di Makassar. Anda juga dapat memesan layanan penjemputan bandara dengan biaya tambahan.', 'Mulai Rp 2.000.000/Malam', 'Jalan Pasir Putih 6 Bulukumba, 46003 Bira, Indonesia\n', '+6281242965500', 'https://www.instagram.com/amatoa_biraresort/', '-2 kolam renang\n-Kamar bebas rokok\n-Restoran\n-Parkir gratis\n-WiFi gratis\n-Kamar keluarga\n-Pembuat teh/kopi di semua kamar\n-Sarapan', '<iframe src=\"https://www.google.com/maps/embed?pb=!1m18!1m12!1m3!1d3970.655092634191!2d120.45649390963975!3d-5.617840194339616!2m3!1f0!2f0!3f0!3m2!1i1024!2i768!4f13.1!3m3!1m2!1s0x2dbbf394c82ae045%3A0x919d2173ae4ae936!2sAmatoa%20Resort!5e0!3m2!1sid!2sid!4v1755825639248!5m2!1sid!2sid\" width=\"600\" height=\"450\" style=\"border:0;\" allowfullscreen=\"\" loading=\"lazy\" referrerpolicy=\"no-referrer-when-downgrade\"></iframe>', NULL, 0.00, 0),
(16, 5, 'Paduppa Resort', 'Paduppa Resort Bulukumba menghadirkan penginapan dengan arsitektur perpaduan antara kearifan lokal (bugis-makassar) dan modern. Cocok buat short escape, leyeh leyeh sambil menikmati keindahan pantai Bira. Dilengkapi pula dengan private pool, bathub yang semakin membuatmu betah berlama lama. Tempatnya juga instagramable, asik buat berburu foto foto cantik.\n\nBerlibur saat long weekend memang memiliki plus dan minus. Plusnya kita memiliki waktu yang senggang, namun disisi lain semua orang juga berlomba lomba buat short escape. Hal itupun membuat penginapan, villa ataupun resort di tempat tempat liburan jadi rame dan sampai full slot. Hal tersebut, mungkin sering dialami ketika berlibur ke Tanjung Bira. Sebagai destinasi wisata andalan di kabupaten Bulukumba, pantai ini memang kerap diserbu pengunjung. Meski akomodasinya sudah cukup baik, namun memang pilihanya belum begitu banyak. Nah, Paduppa Resort hadir untuk melengkapi pilihan resort di tanjung bira Bulukumba.\n\nMenghadirkan desain dan arsitektur yang unik, bisa menjadi alternatif jika sudah bosan bermalam di hotel/villa yang gitu gitu aja. Dari lokasi paduppa resort bulukumba ini kita juga bisa menikmati langsung pantai bira yang membentang luas dibawahnya. Sebab, resort yang tengah viral di sosial media ini letaknya tepat di bibir jurang.\n\nSebagian besar material yang digunakan pada bangunan resort adalah menggunakan kayu dan bambu. Hal tersebut juga tak lepas dari konsep yang dibangun yakni menggabungkan antara arsitektural rumah raja bugis dan makassar serta dibalut dengan unsur unsur modern. Dengan demikian diharapkan bisa memperkaya pengalaman pengunjung dan tetap mengedepankan kenyamanan.', 'Mulai Rp.1.800.000', 'kawasan wisata pantai tanjung bira, desa, Bira, Bontobahari, Bulukumba Regency, South Sulawesi', '+6281211522277', 'http://www.padupparesort.com/', 'AC, Kolam Renang, Restoran, Resepsionis 24 Jam, Parkir, WiFi', '<iframe src=\"https://www.google.com/maps/embed?pb=!1m18!1m12!1m3!1d3970.70620374747!2d120.4498290096395!3d-5.610337394347079!2m3!1f0!2f0!3f0!3m2!1i1024!2i768!4f13.1!3m3!1m2!1s0x2dbbf339992aaf53%3A0x5c5bb3a58529da7d!2sPaduppa%20Resort%20Bira!5e0!3m2!1sid!2sid!4v1755959456812!5m2!1sid!2sid\" width=\"600\" height=\"450\" style=\"border:0;\" allowfullscreen=\"\" loading=\"lazy\" referrerpolicy=\"no-referrer-when-downgrade\"></iframe>', NULL, 0.00, 0);

-- --------------------------------------------------------

--
-- Struktur dari tabel `kategori`
--

CREATE TABLE `kategori` (
  `id_kategori` int(11) NOT NULL,
  `nama_kategori` varchar(150) NOT NULL,
  `gambar` varchar(255) DEFAULT NULL,
  `deskripsi` text DEFAULT NULL
) ENGINE=InnoDB DEFAULT CHARSET=utf8mb4 COLLATE=utf8mb4_unicode_ci;

--
-- Dumping data untuk tabel `kategori`
--

INSERT INTO `kategori` (`id_kategori`, `nama_kategori`, `gambar`, `deskripsi`) VALUES
(1, 'Wisata Alam', NULL, NULL),
(2, 'Wisata Budaya, dan Religi', NULL, NULL),
(3, 'Wisata Buatan', NULL, NULL),
(5, 'Penginapan', NULL, NULL),
(6, 'Restoran', NULL, NULL);

-- --------------------------------------------------------

--
-- Struktur dari tabel `restoran`
--

CREATE TABLE `restoran` (
  `id_restoran` int(11) NOT NULL,
  `id_kategori` int(11) NOT NULL,
  `nama_restoran` varchar(255) NOT NULL,
  `deskripsi` text DEFAULT NULL,
  `harga_rata_rata` varchar(100) DEFAULT NULL,
  `jam_operasional` varchar(100) DEFAULT NULL,
  `alamat_restoran` text DEFAULT NULL,
  `nomor_telepon` varchar(50) DEFAULT NULL,
  `website` varchar(255) DEFAULT NULL,
  `menu_unggulan` text DEFAULT NULL,
  `peta_restoran` text DEFAULT NULL,
  `keterangan` text DEFAULT NULL,
  `average_rating` decimal(3,2) DEFAULT 0.00,
  `total_reviews` int(11) DEFAULT 0
) ENGINE=InnoDB DEFAULT CHARSET=utf8mb4 COLLATE=utf8mb4_unicode_ci;

--
-- Dumping data untuk tabel `restoran`
--

INSERT INTO `restoran` (`id_restoran`, `id_kategori`, `nama_restoran`, `deskripsi`, `harga_rata_rata`, `jam_operasional`, `alamat_restoran`, `nomor_telepon`, `website`, `menu_unggulan`, `peta_restoran`, `keterangan`, `average_rating`, `total_reviews`) VALUES
(2, 6, 'RM Agri', 'RM Agri, yang merupakan bagian dari Hotel Agri, adalah sebuah restoran yang terletak di pusat Kota Bulukumba. Berlokasi strategis, rumah makan ini menjadi pilihan favorit bagi wisatawan dan warga lokal yang mencari hidangan lezat dengan harga terjangkau.Restoran ini menawarkan berbagai pilihan yang cocok untuk segala selera. Selain menyediakan makanan yang enak, RM Agri juga dikenal dengan suasananya yang nyaman dan pelayanan yang baik, menjadikannya tempat ideal untuk bersantap bersama keluarga maupun rekan kerja.', 'Rp.25.000 - Rp.50.000', '10.00–21.00', 'Jln. Dr. Samratulangi No.Lr.2, Caile, Kec. Ujung Bulu, Kabupaten Bulukumba, Sulawesi Selatan 92561', '+6285242208819', 'https://www.instagram.com/rm.agri/', '* Olahan Seafood\n* Ikan Bakar\n* Pallumara\n* Mie Titti', '<iframe src=\"https://www.google.com/maps/embed?pb=!1m18!1m12!1m3!1d3971.1661972512393!2d120.18949490963904!3d-5.5423575944147!2m3!1f0!2f0!3f0!3m2!1i1024!2i768!4f13.1!3m3!1m2!1s0x2dbc0077a2358789%3A0x8cf68011fe93fab4!2sRM.%20AGRI%20Bulukumba!5e0!3m2!1sid!2sid!4v1755855053593!5m2!1sid!2sid\" width=\"600\" height=\"450\" style=\"border:0;\" allowfullscreen=\"\" loading=\"lazy\" referrerpolicy=\"no-referrer-when-downgrade\"></iframe>', NULL, 0.00, 0),
(3, 6, 'Grand 99 Cafe & Resto', 'GRAND 99 Bulukumba adalah tempat yang nyaman untuk Nongkrong di Area Bulukumba. Tidak banyak tempat yang menjadi rujukan untuk Nongkrong , makan, ngopi serta Karaoke di wilayah Bulukumba, hanya ada satu tempat yaitu Grand 99 yang bisa menjadi pilihan saat berada di Bulukumba. Masakan laut yang cukup enak, nasi goreng yang menjadi favorite para pelanggan yang hadir, serta ada ruangan untuk Karaoke disana.\nIni merupakan Cafe, resto sekaligus tempat Karaoke. Design Interior yang bagus dan artistik sehingga tempat ini menjadi nyaman untuk di singgahi.', 'Rp.25.000 - Rp.50.000', '10.15–23.00', 'Jl. Bakti Adi Guna No.99, Caile, Kec. Ujung Bulu, Kabupaten Bulukumba, Sulawesi Selatan ', '+6253 9670 9999', 'https://grand99-cafe-and-resto.blogspot.com/', '1.  Makanan Pembuka / Appetizer \n2.  Seafood ( Ikan, Kepiting dan Cumi ), \n3.  Eropa Food ( Spaghetti, Pettucini & Chicken, etc ), \n4.  Berbagai macam olahan Nasi,  Mie dan Sayur, ', '<iframe src=\"https://www.google.com/maps/embed?pb=!1m18!1m12!1m3!1d3971.131764986193!2d120.19200390963917!3d-5.547474894409644!2m3!1f0!2f0!3f0!3m2!1i1024!2i768!4f13.1!3m3!1m2!1s0x2dbbff863c481d11%3A0x41c9fff702345229!2sCafe%2C%20Restoran%20%26%20Catering%20Grand%2099!5e0!3m2!1sid!2sid!4v1755855544966!5m2!1sid!2sid\" width=\"600\" height=\"450\" style=\"border:0;\" allowfullscreen=\"\" loading=\"lazy\" referrerpolicy=\"no-referrer-when-downgrade\"></iframe>', NULL, 0.00, 0),
(4, 6, 'Cafe & Resto Kampoeng Nelayan', 'Terletak di pinggir Pantai Sapolohe, Tanah Beru, Cafe & Resto Kampoeng Nelayan adalah destinasi kuliner yang menawarkan pengalaman bersantap dengan suasana yang unik. Sesuai namanya, restoran ini mengusung konsep rumah makan bernuansa kampung nelayan yang langsung menghadap ke laut, memberikan pemandangan yang indah dan angin sepoi-sepoi. Menu andalan di sini tentu saja adalah aneka hidangan laut segar, seperti ikan bakar, udang, dan cumi, yang dapat Anda nikmati sambil menyaksikan kapal-kapal yang tengah berlayar atau pemandangan matahari terbenam yang memukau. Dengan area makan yang beragam, mulai dari gazebo lesehan hingga area berbentuk kapal, tempat ini sangat cocok untuk bersantai dan makan bersama keluarga atau teman.', ' Rp50.000 - Rp100.000', '10.00–22.00', ' Sapo Lohe, Kec. Bonto Bahari, Kabupaten Bulukumba, Sulawesi Selatan ', '+6282344895444', 'https://www.instagram.com/resto.kampoengnelayan/', 'Seafood', '<iframe src=\"https://www.google.com/maps/embed?pb=!1m18!1m12!1m3!1d3971.3369943572384!2d120.34694660963888!3d-5.516903894440066!2m3!1f0!2f0!3f0!3m2!1i1024!2i768!4f13.1!3m3!1m2!1s0x2dbc087355b6134b%3A0x35bf40c1a7dd4c0e!2sCafe%20%26%20Resto%20Kampoeng%20Nelayan!5e0!3m2!1sid!2sid!4v1755856125269!5m2!1sid!2sid\" width=\"600\" height=\"450\" style=\"border:0;\" allowfullscreen=\"\" loading=\"lazy\" referrerpolicy=\"no-referrer-when-downgrade\"></iframe>', NULL, 0.00, 0),
(5, 6, 'Pinisi garden', 'jika Anda lapar sebelum sampai ke Bira, ada rumah makan yang wajib anda kunjungi. Namanya \'Pinisi Garden\'. Rumah makan ini terletak di Jalan Poros Bira-Bulukumba, di Lingkungan Tanah Beru, Kelurahan Sapolohe, Kecamatan Bontobahari. Pinisi bukan hanya sekadar nama di rumah makan ini, namun pengunjung bisa langsung menikmati menu seafood bak sedang berada di atas pinisi sungguhan. Pemilik restoran sengaja menyediakan spot pinisi dalam restorannya.\n\nSelain sebagai spot instagramable, pemilik juga sengaja mempopulerkan perahu khas dua tiang tersebut ke khalayak luas. Bahkan artis setenar Irish Bella dan suaminya Ammar Zoni, pun sudah pernah mencicipi menu seafood dan mengabadikan foto di rumah makan ini.', 'Rp.25.000-Rp.50.000', '10:00 - 22:00', 'Sapo Lohe, Kec. Bonto Bahari, Kabupaten Bulukumba, Sulawesi Selatan 92571', ' +62812 44664443', 'https://wannproject.github.io/Cafe_Resto/', 'hidangan laut segar', '<iframe src=\"https://www.google.com/maps/embed?pb=!1m18!1m12!1m3!1d3971.3226388629173!2d120.3472742347886!3d-5.519047782260705!2m3!1f0!2f0!3f0!3m2!1i1024!2i768!4f13.1!3m3!1m2!1s0x2dbc0900054ef155%3A0x8438bf700b1b14a8!2sPinisi%20garden!5e0!3m2!1sid!2sid!4v1755882891071!5m2!1sid!2sid\" width=\"600\" height=\"450\" style=\"border:0;\" allowfullscreen=\"\" loading=\"lazy\" referrerpolicy=\"no-referrer-when-downgrade\"></iframe>', NULL, 0.00, 0),
(6, 6, 'Natural Cafe dan Resto', 'Natural Kafe dan Resto adalah tempat bersantai yang populer di Bulukumba, dikenal dengan konsepnya yang unik dan nyaman. Dengan area terbuka (open space) yang didesain secara estetis, kafe ini menawarkan suasana santai yang cocok untuk berkumpul bersama teman atau keluarga. Selain menyajikan berbagai pilihan kopi, mereka juga memiliki menu makanan andalan seperti Nasi Goreng dan Cangkuning yang menjadi favorit pengunjung. Suasananya yang tenang dan nyaman menjadikan tempat ini pilihan ideal untuk menikmati hidangan lezat sambil bersantai dan mengabadikan momen.', 'Rp.25.000 - Rp.50.000', '09.00–23.30', 'Jl. Jend Sudirman, Terang-Terang, Kec. Ujung Bulu, Kabupaten Bulukumba, Sulawesi Selatan 92511', '+6282299725646', 'https://www.instagram.com/natural_cafe_fmr/', ' Menu nasi goreng di sini dikenal memiliki rasa yang khas dan sering menjadi pilihan favorit.\nAneka Minuman Kopi: ', '<iframe src=\"https://www.google.com/maps/embed?pb=!1m18!1m12!1m3!1d3971.0803925556975!2d120.19412840963912!3d-5.555101094402062!2m3!1f0!2f0!3f0!3m2!1i1024!2i768!4f13.1!3m3!1m2!1s0x2dbbff9a5a8f3a49%3A0x99985823add22e87!2sNatural%20Cafe!5e0!3m2!1sid!2sid!4v1755883657271!5m2!1sid!2sid\" width=\"600\" height=\"450\" style=\"border:0;\" allowfullscreen=\"\" loading=\"lazy\" referrerpolicy=\"no-referrer-when-downgrade\"></iframe>', NULL, 0.00, 0),
(7, 6, 'Oentoeng Space, Cafe ,Resto & Mini Soccer', 'Oentoeng Space adalah kafe dan resto yang menawarkan konsep unik di Bulukumba dengan menggabungkan tempat nongkrong, kuliner, dan sarana olahraga. Tempat ini dikenal sebagai kafe *minisoccer* pertama yang juga menyediakan ruang kreatif dan tempat untuk bertukar ide.\n\nMeskipun informasi detail mengenai menu unggulannya tidak tersedia secara spesifik, kafe ini dikenal memiliki berbagai pilihan makanan dan minuman yang melengkapi konsepnya sebagai tempat serbaguna untuk bersantai, berolahraga, dan berkumpul.', 'Rp.20.000 - Rp Rp.50.000', 'Buka 24 jam', 'Ela-Ela, Kec. Ujung Bulu, Kabupaten Bulukumba, Sulawesi Selatan', '+6282190472082 ', 'https://www.instagram.com/oentoengspace_cafe/', 'Aneka kopi  dan makan yang beragam', '<iframe src=\"https://www.google.com/maps/embed?pb=!1m18!1m12!1m3!1d3971.098428948729!2d120.20207450963922!3d-5.55242479440472!2m3!1f0!2f0!3f0!3m2!1i1024!2i768!4f13.1!3m3!1m2!1s0x2dbbff00416675e5%3A0xc4c2d7d4e93dd3af!2sOENTOENG%20SPACE%2C%20CAFE%20%2CRESTO%20%26%20MINI%20SOCCER!5e0!3m2!1sid!2sid!4v1755884644980!5m2!1sid!2sid\" width=\"600\" height=\"450\" style=\"border:0;\" allowfullscreen=\"\" loading=\"lazy\" referrerpolicy=\"no-referrer-when-downgrade\"></iframe>', NULL, 0.00, 0);

-- --------------------------------------------------------

--
-- Struktur dari tabel `review`
--

CREATE TABLE `review` (
  `id_review` int(11) NOT NULL,
  `id_wisata` int(11) DEFAULT NULL,
  `id_hotel` int(11) DEFAULT NULL,
  `id_restoran` int(11) DEFAULT NULL,
  `nama_reviewer` varchar(150) NOT NULL,
  `email_reviewer` varchar(255) DEFAULT NULL,
  `rating` decimal(2,1) NOT NULL,
  `komentar` text DEFAULT NULL,
  `status` enum('pending','approved','rejected') DEFAULT 'pending',
  `created_at` timestamp NULL DEFAULT current_timestamp()
) ENGINE=InnoDB DEFAULT CHARSET=utf8mb4 COLLATE=utf8mb4_unicode_ci;

--
-- Dumping data untuk tabel `review`
--

INSERT INTO `review` (`id_review`, `id_wisata`, `id_hotel`, `id_restoran`, `nama_reviewer`, `email_reviewer`, `rating`, `komentar`, `status`, `created_at`) VALUES
(4, 33, NULL, NULL, 'Uni', 'sriwahyuni@gmail.com', 5.0, 'mantap tempatnya, memang perlu usaha lebih sih buat jalan kebawah tapi pas nyampe bawah capenya terbayarkannnnn', 'approved', '2025-08-17 19:11:46'),
(5, 33, NULL, NULL, 'dina', NULL, 5.0, NULL, 'approved', '2025-08-18 13:47:39'),
(6, 3, NULL, NULL, 'Amanda', NULL, 5.0, 'Lingkungan bersih, aman & mantap👍🏻', 'approved', '2025-08-19 15:07:54');

-- --------------------------------------------------------

--
-- Struktur dari tabel `wisata`
--

CREATE TABLE `wisata` (
  `id_wisata` int(11) NOT NULL,
  `id_kategori` int(11) NOT NULL,
  `nama_wisata` varchar(255) NOT NULL,
  `deskripsi` text DEFAULT NULL,
  `harga_tiket` varchar(100) DEFAULT NULL,
  `jam_operasional` varchar(100) DEFAULT NULL,
  `fasilitas` text DEFAULT NULL,
  `peta_wisata` text DEFAULT NULL,
  `keterangan` text DEFAULT NULL,
  `average_rating` decimal(3,2) DEFAULT 0.00,
  `total_reviews` int(11) DEFAULT 0
) ENGINE=InnoDB DEFAULT CHARSET=utf8mb4 COLLATE=utf8mb4_unicode_ci;

--
-- Dumping data untuk tabel `wisata`
--

INSERT INTO `wisata` (`id_wisata`, `id_kategori`, `nama_wisata`, `deskripsi`, `harga_tiket`, `jam_operasional`, `fasilitas`, `peta_wisata`, `keterangan`, `average_rating`, `total_reviews`) VALUES
(2, 1, 'Pantai Merpati', 'Pantai Merpati di Bulukumba merupakan destinasi wisata bahari yang terletak dekat pusat kota sehingga mudah diakses oleh wisatawan. Pantai ini memiliki hamparan pasir putih yang lembut serta garis pantai yang luas, cocok untuk bersantai, bermain, maupun menikmati keindahan matahari terbenam. Suasana pantai yang tenang berpadu dengan deretan pohon rindang di sekitarnya, menciptakan nuansa nyaman bagi pengunjung. Selain itu, Pantai Merpati juga sering dijadikan lokasi rekreasi keluarga dan berbagai kegiatan masyarakat, sehingga menjadi salah satu ikon wisata pesisir yang populer di Bulukumba.\n\nPerjalanan menuju Pantai Merpati di Kabupaten Bulukumba dari Bandara Internasional Sultan Hasanuddin, Makassar menempuh jarak sekitar 160–170 km dengan waktu tempuh kurang lebih 4–5 jam berkendara melalui jalur darat. Rute perjalanan biasanya melewati jalur Trans Sulawesi bagian selatan, menyusuri wilayah Gowa, Takalar, Jeneponto, Bantaeng hingga tiba di pusat Kota Bulukumba. Dari kota, Pantai Merpati berjarak hanya sekitar 5 menit berkendara atau ±1 km, sehingga sangat mudah diakses oleh wisatawan. Pantai ini menjadi pintu gerbang wisata bahari Bulukumba karena lokasinya dekat dengan pusat kota.\n', 'Gratis', '24 Jam', ' parkir, anjungan, panggung, jogging track, pelampung, banana boat, UMKM, Wi-Fi gratis, CCTV, taman, kanopi', '<iframe src=\"https://www.google.com/maps/embed?pb=!1m18!1m12!1m3!1d3971.0566624180683!2d120.19636410963919!3d-5.558620294398549!2m3!1f0!2f0!3f0!3m2!1i1024!2i768!4f13.1!3m3!1m2!1s0x2dbbffc3e97bec61%3A0x1cc65ff85d78059f!2sPantai%20Merpati!5e0!3m2!1sid!2sid!4v1755811412385!5m2!1sid!2sid\" width=\"600\" height=\"450\" style=\"border:0;\" allowfullscreen=\"\" loading=\"lazy\" referrerpolicy=\"no-referrer-when-downgrade\"></iframe>', '', 0.00, 0),
(3, 1, 'Pantai Bira', 'Pantai Bira adalah salah satu destinasi wisata terkenal di Kabupaten Bulukumba, Sulawesi Selatan, yang dikenal dengan pasir putihnya yang lembut seperti tepung dan air laut bergradasi biru jernih. Pantai ini menawarkan panorama matahari terbit dan terbenam yang memukau, serta menjadi lokasi favorit untuk snorkeling, diving, dan berlayar karena keindahan terumbu karangnya. Keunikan Pantai Bira juga terletak pada kejernihan air lautnya yang memungkinkan pengunjung melihat biota laut dari permukaan.\n\nPerjalanan menuju Pantai Bira di Kabupaten Bulukumba dari Bandara Internasional Sultan Hasanuddin, Makassar menempuh jarak sekitar 200–220 km dengan waktu tempuh kurang lebih 5–6 jam berkendara melalui jalur darat. Rute umumnya melewati jalan poros selatan Sulawesi yang membentang dari Makassar menuju Gowa, Takalar, Jeneponto, Bantaeng hingga Bulukumba, lalu dilanjutkan menuju kawasan Tanjung Bira. Meskipun cukup panjang, perjalanan ini menawarkan pemandangan pesisir selatan Sulawesi yang indah, sehingga waktu tempuh terasa lebih menyenangkan hingga tiba di Pantai Bira yang terkenal dengan pasir putih lembut dan laut biru jernih.', 'Rp.10,000 - Rp.55,000', '24 Jam', '', '<iframe src=\"https://www.google.com/maps/embed?pb=!1m18!1m12!1m3!1d15882.789482447834!2d120.43734882506081!3d-5.611634759531838!2m3!1f0!2f0!3f0!3m2!1i1024!2i768!4f13.1!3m3!1m2!1s0x2dbbf3fa9e2f1c37%3A0x6217cb35c3073b6a!2sPantai%20Tj.%20Bira!5e0!3m2!1sid!2sid!4v1755327644384!5m2!1sid!2sid\" width=\"600\" height=\"450\" style=\"border:0;\" allowfullscreen=\"\" loading=\"lazy\" referrerpolicy=\"no-referrer-when-downgrade\"></iframe>', '', 5.00, 1),
(4, 1, 'Pantai Bara', 'Pantai Bara terletak di dekat Pantai Bira, Kabupaten Bulukumba, Sulawesi Selatan, dan dikenal sebagai destinasi pantai yang tenang dan alami. Pasir putihnya yang halus, air laut biru jernih, serta suasana sepi membuatnya cocok bagi wisatawan yang mencari ketenangan jauh dari keramaian. Pantai ini juga menjadi spot ideal untuk menikmati matahari terbenam, berjalan santai di tepi pantai, atau berenang di air yang bersih dan tenang.\n\nerjalanan menuju Pantai Bara di Kabupaten Bulukumba dari Bandara Internasional Sultan Hasanuddin, Makassar menempuh jarak sekitar 210 km dengan waktu tempuh kurang lebih 5–6 jam berkendara melalui jalur selatan Sulawesi. Rute perjalanan melewati Makassar–Gowa–Takalar–Jeneponto-Bantaeng hingga Bulukumba, kemudian dilanjutkan menuju kawasan Tanjung Bira. Dari Pantai Bira, Pantai Bara hanya berjarak sekitar 1–2 km, sehingga mudah dijangkau dengan berjalan kaki atau kendaraan. Pantai ini terkenal lebih tenang dibanding Bira, dengan pasir putih lembut dan suasana alami yang cocok untuk bersantai.', 'Rp.10,000 - Rp.20,000', '24 Jam', '', '<iframe src=\"https://www.google.com/maps/embed?pb=!1m18!1m12!1m3!1d31765.579022843172!2d120.4108038393451!3d-5.611633695775612!2m3!1f0!2f0!3f0!3m2!1i1024!2i768!4f13.1!3m3!1m2!1s0x2dbbf3fa9e2f1c37%3A0x6217cb35c3073b6a!2sPantai%20Tj.%20Bira!5e0!3m2!1sid!2sid!4v1755328011379!5m2!1sid!2sid\" width=\"600\" height=\"450\" style=\"border:0;\" allowfullscreen=\"\" loading=\"lazy\" referrerpolicy=\"no-referrer-when-downgrade\"></iframe>', '', 0.00, 0),
(5, 1, 'Pantai Kasuso', 'Pantai Kasuso adalah destinasi bahari tersembunyi di Dusun Kasuso, Desa Darubiah, Kecamatan Bonto Bahari, Kabupaten Bulukumba, Sulawesi Selatan, yang memikat dengan pasir putih halus, air laut biru jernih, serta ikon unik Batu Taha—batu karang besar berbentuk payung di tengah laut. Suasananya yang tenang dan alami menjadikannya tempat ideal untuk bersantai, menikmati sunrise dan sunset, berenang, snorkeling, atau sekadar berjalan menyusuri tepi pantai. Aksesnya relatif mudah melalui jalur menuju Tanjung Bira, dan pengunjung dapat menikmati keindahan ini tanpa biaya masuk, hanya membayar fasilitas tambahan seperti toilet dengan tarif terjangkau.\n\nChatGPT said:\n\nPerjalanan menuju Pantai Kasuso di Kabupaten Bulukumba dari Bandara Internasional Sultan Hasanuddin, Makassar menempuh jarak sekitar 190–200 km dengan waktu tempuh kurang lebih 5 jam berkendara melalui jalur darat. Rute perjalanan melewati Makassar–Gowa–Takalar–Jeneponto-Bantaeng hingga pusat Kota Bulukumba, lalu dilanjutkan menuju arah timur menuju kawasan pesisir Kasuso. Pantai ini terkenal dengan suasana alami yang tenang, hamparan pasir putih, serta laut biru jernih yang cocok untuk wisata bahari maupun bersantai jauh dari keramaian.', 'Rp.5,000', '24 Jam', '- Area Parkir\n- Kamar Mandi dan Toilet\n- Gazebo\n- Rumah Makan', '<iframe src=\"https://www.google.com/maps/embed?pb=!1m18!1m12!1m3!1d31768.32427438743!2d120.42499158056995!3d-5.561010841344709!2m3!1f0!2f0!3f0!3m2!1i1024!2i768!4f13.1!3m3!1m2!1s0x2dbbf5d1befbc613%3A0x6869705bdc29f2d!2sKasuso!5e0!3m2!1sid!2sid!4v1755328218971!5m2!1sid!2sid\" width=\"600\" height=\"450\" style=\"border:0;\" allowfullscreen=\"\" loading=\"lazy\" referrerpolicy=\"no-referrer-when-downgrade\"></iframe>', '', 0.00, 0),
(6, 1, 'Pantai Pusahelu', 'Pantai Pusahelu adalah surga tersembunyi di Desa Darubiah, Kecamatan Bonto Bahari, Bulukumba, Sulawesi Selatan, terletak tepat di belakang Pantai Bara. Meskipun area pasir putihnya tidak luas, keindahannya luar biasa—dikelilingi tebing karang yang menjulang dan dihiasi vegetasi hijau, menciptakan pemandangan yang begitu menawan dan alam\n\nPerjalanan menuju Pantai Pusahelu di Kabupaten Bulukumba dari Bandara Internasional Sultan Hasanuddin, Makassar menempuh jarak sekitar 190–200 km dengan waktu tempuh kurang lebih 5 jam melalui jalur darat. Rute perjalanan dimulai dari Makassar lalu melewati jalur selatan Sulawesi yang membentang melalui Kabupaten Gowa, Takalar, Jeneponto, dan Bantaeng, hingga akhirnya tiba di pusat Kota Bulukumba. Dari kota, perjalanan dilanjutkan menuju pesisir timur hingga mencapai lokasi Pantai Pusahelu yang terkenal dengan hamparan pasir putih, laut biru jernih, dan suasana tenang jauh dari keramaian.', 'Rp.10,000', '24 Jam', 'Parkir', '<iframe src=\"https://www.google.com/maps/embed?pb=!1m18!1m12!1m3!1d3970.718774208645!2d120.42442530963956!3d-5.608490594348959!2m3!1f0!2f0!3f0!3m2!1i1024!2i768!4f13.1!3m3!1m2!1s0x2dbbf15234e3cd5f%3A0xb0fcfe62b53afc43!2sPantai%20Pusahelu!5e0!3m2!1sid!2sid!4v1755328982016!5m2!1sid!2sid\" width=\"600\" height=\"450\" style=\"border:0;\" allowfullscreen=\"\" loading=\"lazy\" referrerpolicy=\"no-referrer-when-downgrade\"></iframe>', '', 0.00, 0),
(7, 1, 'Gua Leang Passea', 'Gua Passea, yang secara lokal juga dikenal dengan sebutan Leang Passea (berarti “gua penderitaan”), merupakan situs purbakala bersejarah di Desa Lembanna, Kecamatan Bonto Bahari, Kabupaten Bulukumba, Sulawesi Selatan Gua ini memiliki formasi horizontal dengan stalaktit dan stalagmit yang tumbuh perlahan—sebagai pilar-pilar artistik alami yang memukau pengunjung . Di dalamnya juga tersimpan benda-benda kuno seperti peti mati berbentuk perahu dan peninggalan peradaban prasejarah—termasuk manik-manik, kendi, dan guci dari wilayah Asia seperti Vietnam, Kamboja, dan Cina—menunjukkan hubungan peradaban yang luas pada abad ke-8 sebelum Masehi .\n\nPerjalanan dari Bandara Internasional Sultan Hasanuddin menuju Goa Passea di Kabupaten Bulukumba adalah rute panjang yang menawan. Dengan total jarak sekitar 202.65 km, perjalanan ini diperkirakan dapat ditempuh dalam waktu 4 hingga 5 jam. Perjalanan ini melewati Kabupaten Gowa, Takalar, Jeneponto, dan Bantaeng. Setelah tiba di Kota Bulukumba, Anda dapat melanjutkan perjalanan langsung ke Goa Passea. Setibanya di sana, Anda bisa menjelajahi beberapa destinasi wisata menarik yang berdekatan, seperti Wisata Tebing Mattoanging, Tebing Apparalang yang menawarkan pemandangan eksotis, serta Permandian Alam Limbua yang menyegarkan, menjadikan kunjungan Anda tidak hanya berakhir di satu tempat, tetapi juga membuka peluang untuk petualangan lainnya.', 'Gratis', '07:00-17:00', '', '<iframe src=\"https://www.google.com/maps/embed?pb=!1m18!1m12!1m3!1d3971.355101807278!2d120.43557590963879!3d-5.5141984944427564!2m3!1f0!2f0!3f0!3m2!1i1024!2i768!4f13.1!3m3!1m2!1s0x2dbc0a1fac45c77d%3A0x27799ed358ddfcaa!2sGuah%20Leang%20Passea!5e0!3m2!1sid!2sid!4v1755329142692!5m2!1sid!2sid\" width=\"600\" height=\"450\" style=\"border:0;\" allowfullscreen=\"\" loading=\"lazy\" referrerpolicy=\"no-referrer-when-downgrade\"></iframe>', '', 0.00, 0),
(8, 1, 'Mata Air Lotong-Lotong', 'Wisata Mata Air Lotong-Lotong adalah pemandian alami yang terletak di Kelurahan Benjala, Kecamatan Bonto Bahari, Kabupaten Bulukumba, Sulawesi Selatan. Dikelilingi hamparan sawah hijau dan rindangnya pohon kelapa, tempat ini menawarkan kolam panjang berair jernih yang berasal dari mata air alami dan aliran bekas saluran PDAM. Kejernihan airnya membuat dasar kolam terlihat jelas, menciptakan sensasi berenang yang segar dan menenangkan. Suasana yang tenang, udara sejuk, serta pemandangan pedesaan yang asri menjadikan Lotong-Lotong sebagai destinasi ideal untuk relaksasi, bermain air, atau sekadar menikmati momen santai bersama keluarga dan teman.\n\nPerjalanan menuju Mata Air Lotong-Lotong di Kabupaten Bulukumba dari Bandara Internasional Sultan Hasanuddin, Makassar menempuh jarak sekitar 185–195 km dengan waktu tempuh kurang lebih 5 jam melalui jalur darat. Rute perjalanan dimulai dari Makassar menuju arah selatan, melewati Kabupaten Gowa, Takalar, Jeneponto, dan Bantaeng, kemudian tiba di pusat Kota Bulukumba. Dari kota, perjalanan dilanjutkan menuju kawasan pedesaan di pesisir yang menjadi lokasi Mata Air Lotong-Lotong, sebuah sumber mata air alami yang jernih dan segar, sering dimanfaatkan sebagai tempat wisata air sekaligus lokasi bersantai.\n', 'Rp.2,000', '07:00-17:00', '- Penyewaan ban renang\n-  Kamar ganti\n- Parkir', '<iframe src=\"https://www.google.com/maps/embed?pb=!1m18!1m12!1m3!1d3971.4861676920345!2d120.33498260963862!3d-5.494576594462293!2m3!1f0!2f0!3f0!3m2!1i1024!2i768!4f13.1!3m3!1m2!1s0x2dbc0700558d125f%3A0xafa765dc76219e15!2sSumber%20Mata%20Air%20Kab.%20Bulukumba!5e0!3m2!1sid!2sid!4v1755329495178!5m2!1sid!2sid\" width=\"600\" height=\"450\" style=\"border:0;\" allowfullscreen=\"\" loading=\"lazy\" referrerpolicy=\"no-referrer-when-downgrade\"></iframe>', '', 0.00, 0),
(9, 1, 'Pantai Samboang', 'Pantai Samboang di Bulukumba, Sulawesi Selatan, adalah surga tersembunyi yang memukau dengan hamparan pasir putih luas, laut biru yang jernih, dan lekukan bibir pantai yang landai—sangat ramah untuk bersantai maupun berenang Salah satu daya tarik uniknya adalah pulau kecil yang dapat dijangkau melalui jembatan kayu sepanjang sekitar 20 meter—spot favorit untuk memancing atau berfoto  Dikelilingi tebing karang dan deretan pohon kelapa yang menambah estetika alamnya, pantai ini tidak hanya menyenangkan, tetapi juga memiliki nuansa tenang yang alami, sesuai makna namanya—“Samboang” berasal dari bahasa Konjo yang berarti “bersenang-senang” \n\nPerjalanan menuju Pantai Samboang di Kabupaten Bulukumba dari Bandara Internasional Sultan Hasanuddin, Makassar menempuh jarak sekitar 190–200 km dengan waktu tempuh kurang lebih 5 jam berkendara melalui jalur darat. Rute perjalanan melewati jalur selatan Sulawesi, dimulai dari Makassar menuju Kabupaten Gowa, Takalar, Jeneponto, dan Bantaeng, hingga tiba di pusat Kota Bulukumba. Dari kota, perjalanan dilanjutkan ke arah selatan menuju Kecamatan Bonto Tiro, tempat Pantai Samboang berada. Pantai ini dikenal dengan pasir putihnya, ombak yang tenang, serta suasana alami yang cocok untuk rekreasi keluarga maupun wisatawan yang mencari ketenangan.', 'Rp.5,000', '24 Jam', 'Parkir, toilet, gazebo, warung, spot foto, penginapan', '<iframe src=\"https://www.google.com/maps/embed?pb=!1m18!1m12!1m3!1d31772.22788959403!2d120.42308818052801!3d-5.488226145980956!2m3!1f0!2f0!3f0!3m2!1i1024!2i768!4f13.1!3m3!1m2!1s0x2dbc0bd17aa55485%3A0x273401f149524d6a!2sPantai%20Samboang!5e0!3m2!1sid!2sid!4v1755329819719!5m2!1sid!2sid\" width=\"600\" height=\"450\" style=\"border:0;\" allowfullscreen=\"\" loading=\"lazy\" referrerpolicy=\"no-referrer-when-downgrade\"></iframe>', '', 0.00, 0),
(10, 1, 'Tebing Apparalang', 'Tebing Apparalang adalah salah satu destinasi wisata ikonik di Bulukumba yang terkenal dengan panorama tebing karst menjulang tinggi langsung menghadap lautan biru jernih. Dari atas tebing, pengunjung dapat menikmati pemandangan laut lepas yang memukau, hamparan karang, serta udara sejuk yang menenangkan. Spot ini juga dilengkapi dengan beberapa gardu pandang dan jembatan kayu yang sering dijadikan tempat berfoto, sehingga sangat populer bagi pecinta fotografi dan wisata alam. Keindahan alami serta suasana tenang membuat Tebing Apparalang menjadi pilihan tepat untuk bersantai sekaligus menikmati keajaiban alam Bulukumba.\n\nPerjalanan menuju Tebing Apparalang di Kabupaten Bulukumba dari Bandara Internasional Sultan Hasanuddin, Makassar menempuh jarak sekitar 190–200 km dengan waktu tempuh kurang lebih 5 jam berkendara melalui jalur darat. Rute perjalanan melewati jalur selatan Sulawesi dengan urutan Kabupaten Gowa, Takalar, Jeneponto, dan Bantaeng, hingga tiba di pusat Kota Bulukumba. Dari kota, perjalanan dilanjutkan ke arah timur menuju Kecamatan Bonto Bahari, lokasi Tebing Apparalang yang terkenal dengan tebing curam menghadap laut lepas berwarna biru jernih serta panorama alam yang menawan.', 'Rp.5,000', '24 Jam', 'Gazebo, toilet, musholla, parkir luas, selfie spot, warung, pos keamanan, persewaan alat', '<iframe src=\"https://www.google.com/maps/embed?pb=!1m18!1m12!1m3!1d3971.1984013120577!2d120.44497533478956!3d-5.537567182201901!2m3!1f0!2f0!3f0!3m2!1i1024!2i768!4f13.1!3m3!1m2!1s0x2dbbf43d2190fdbf%3A0xb5ff6d08f29728ae!2sTebing%20Apparalang!5e0!3m2!1sid!2sid!4v1755329956755!5m2!1sid!2sid\" width=\"600\" height=\"450\" style=\"border:0;\" allowfullscreen=\"\" loading=\"lazy\" referrerpolicy=\"no-referrer-when-downgrade\"></iframe>', '', 0.00, 0),
(11, 1, 'Batu Tongkarayya', 'Batu Tongkarayya, yang namanya berasal dari bahasa lokal berarti \"batu yang runtuh ke laut,\" adalah formasi tebing monumental yang menjulang di tepi Desa Lembanna, Kecamatan Bontobahari, Bulukumba. Menjulang bak monumen alam, tebing ini dibentuk oleh jutaan tahun pelapukan batuan karst dan menyuguhkan panorama laut Flores yang luas di bawahnya \n\nPerjalanan menuju Batu Tongkarayya di Kabupaten Bulukumba dari Bandara Internasional Sultan Hasanuddin, Makassar menempuh jarak sekitar 185–195 km dengan estimasi waktu sekitar 5 jam perjalanan darat. Rute yang ditempuh melewati jalur selatan Sulawesi melalui Kabupaten Gowa, Takalar, Jeneponto, dan Bantaeng, sebelum akhirnya tiba di pusat Kota Bulukumba. Dari kota, perjalanan dilanjutkan menuju pesisir timur Kecamatan Bonto Bahari hingga mencapai kawasan Batu Tongkarayya, sebuah destinasi wisata alam berupa formasi batu karang besar di tepi laut yang unik dan menjadi spot foto favorit wisatawan.', 'Gratis', '08:00-20:00', 'Parkir', '<iframe src=\"https://www.google.com/maps/embed?pb=!1m18!1m12!1m3!1d7942.678787552841!2d120.4403240086963!3d-5.516545477761605!2m3!1f0!2f0!3f0!3m2!1i1024!2i768!4f13.1!3m3!1m2!1s0x2dbc0ba9bf5cf0c5%3A0x47d58ae420df8d94!2sRuas%20Batu%20Tongkarayya!5e0!3m2!1sid!2sid!4v1755330104305!5m2!1sid!2sid\" width=\"600\" height=\"450\" style=\"border:0;\" allowfullscreen=\"\" loading=\"lazy\" referrerpolicy=\"no-referrer-when-downgrade\"></iframe>', '', 0.00, 0),
(12, 1, 'Pantai Panrang Luhu', 'Pantai Panrang Luhu adalah salah satu destinasi bahari menawan di Kabupaten Bulukumba, Sulawesi Selatan, yang terkenal dengan hamparan pasir putih bersih, air laut biru jernih, dan deretan perahu nelayan tradisional yang memberi nuansa khas pesisir. Terletak tidak jauh dari Tanjung Bira, pantai ini menawarkan suasana tenang dan ramah, cocok untuk bersantai, berenang, atau menikmati panorama laut sambil menyaksikan aktivitas nelayan setempat. Keindahan alam berpadu dengan keramahan warga membuat Pantai Panrang Luhu menjadi tempat yang ideal untuk menikmati keasrian pesisir Bulukumba, baik bagi wisatawan lokal maupun mancanegara.\n\nPerjalanan menuju Pantai Panrang Luhu di Kabupaten Bulukumba dari Bandara Internasional Sultan Hasanuddin, Makassar menempuh jarak sekitar 190–200 km dengan waktu tempuh kurang lebih 5 jam perjalanan darat. Jalur yang dilalui melewati Kabupaten Gowa, Takalar, Jeneponto, dan Bantaeng, sebelum tiba di pusat Kota Bulukumba. Dari kota, perjalanan dilanjutkan ke arah Kecamatan Bonto Bahari menuju Pantai Panrang Luhu yang dikenal sebagai kampung nelayan tradisional dengan pemandangan perahu Pinisi dan suasana pantai yang masih alami.\n', 'Gratis', '24 Jam', 'Parkir', '<iframe src=\"https://www.google.com/maps/embed?pb=!1m18!1m12!1m3!1d31766.521017156094!2d120.44072198058932!3d-5.594314639224079!2m3!1f0!2f0!3f0!3m2!1i1024!2i768!4f13.1!3m3!1m2!1s0x2dbbf47288b05e7f%3A0xb768f745aa0efd76!2sPantai%20Panrangluhu!5e0!3m2!1sid!2sid!4v1755330363268!5m2!1sid!2sid\" width=\"600\" height=\"450\" style=\"border:0;\" allowfullscreen=\"\" loading=\"lazy\" referrerpolicy=\"no-referrer-when-downgrade\"></iframe>', '', 0.00, 0),
(13, 2, 'Masjid Islamic Center Dato Tiro', 'Islamic Center Dato Tiro di Bulukumba adalah pusat kegiatan keagamaan dan kebudayaan Islam yang menjadi salah satu ikon religius di daerah tersebut. Bangunan megah ini menggabungkan arsitektur modern dengan sentuhan ornamen Islami yang indah, dilengkapi menara menjulang dan kubah besar yang menjadi ciri khasnya. Selain digunakan sebagai masjid utama untuk ibadah salat, Islamic Center ini juga menjadi tempat penyelenggaraan kajian keagamaan, kegiatan sosial, serta pendidikan Islam. Lingkungannya yang luas dan tertata rapi menciptakan suasana nyaman bagi jamaah dan pengunjung, menjadikannya destinasi religi sekaligus wisata spiritual yang menarik di Bulukumba.\n\nPerjalanan menuju Islamic Center Dato Tiro di Kabupaten Bulukumba dari Bandara Internasional Sultan Hasanuddin, Makassar menempuh jarak sekitar 180–190 km dengan waktu tempuh kurang lebih 4,5–5 jam melalui jalur darat. Rute perjalanan melewati jalur selatan Sulawesi yang membentang melalui Kabupaten Gowa, Takalar, Jeneponto, dan Bantaeng, sebelum tiba di pusat Kota Bulukumba. Kemudian jarak dari perbatasan Bantaeng-Bulukumba ke Islamic Center Dato Tiro di Bulukumba adalah sekitar 10 km, dengan waktu tempuh kurang lebih 13 menit menggunakan mobil.', 'Gratis', '24 Jam', 'Parkiran, Toilet, Pusat aktivitas agama & sosial, dan UMKM', '<iframe src=\"https://www.google.com/maps/embed?pb=!1m18!1m12!1m3!1d3971.0272838827777!2d120.17743033479088!3d-5.5629740821212845!2m3!1f0!2f0!3f0!3m2!1i1024!2i768!4f13.1!3m3!1m2!1s0x2dbbffeab051d1c7%3A0x31683d7bd31d02bb!2sMasjid%20Islamic%20Center%20Dato&#39;%20Tiro%20Bulukumba!5e0!3m2!1sid!2sid!4v1755331169526!5m2!1sid!2sid\" width=\"600\" height=\"450\" style=\"border:0;\" allowfullscreen=\"\" loading=\"lazy\" referrerpolicy=\"no-referrer-when-downgrade\"></iframe>', '	Kapasitas hingga ~17.000 jamaah', 0.00, 0),
(14, 2, 'Kawasan Adat Ammatoa Kajang', 'Kajang Ammatoa adalah kawasan adat di Kabupaten Bulukumba, Sulawesi Selatan, yang dihuni oleh masyarakat adat Kajang yang dipimpin oleh seorang Ammatoa sebagai pemimpin tertinggi. Masyarakat di wilayah ini memegang teguh filosofi hidup sederhana dan selaras dengan alam, yang tercermin dari pakaian serba hitam, rumah panggung tradisional, serta larangan penggunaan teknologi modern di wilayah adat dalam. Kawasan ini menjadi destinasi wisata budaya unik, di mana pengunjung dapat mempelajari kearifan lokal, adat istiadat, dan tradisi yang masih lestari selama ratusan tahun.\n\nPerjalanan menuju Kawasan Adat Ammatoa Kajang di Kabupaten Bulukumba dari Bandara Internasional Sultan Hasanuddin, Makassar menempuh jarak sekitar 170–180 km dengan estimasi waktu tempuh 4,5–5 jam berkendara melalui jalur darat. Rute perjalanan melewati jalur selatan Sulawesi melalui Kabupaten Gowa, Takalar, Jeneponto, dan Bantaeng, kemudian tiba di pusat Kota Bulukumba. Dari kota, perjalanan dilanjutkan menuju Kecamatan Kajang yang menjadi lokasi masyarakat adat Ammatoa dengan tradisi Pasang ri Kajang serta kehidupan sederhana yang masih sangat kental menjaga kearifan lokal.', 'Rp.10,000', '08.00-18.00 ', '- Toilet umum\n- Area parkir kendaraan (sepeda motor & mobil)\n- Pusat informasi wisata', '<iframe src=\"https://www.google.com/maps/embed?pb=!1m18!1m12!1m3!1d31780.91722746468!2d120.2751438804348!3d-5.322648156536476!2m3!1f0!2f0!3f0!3m2!1i1024!2i768!4f13.1!3m3!1m2!1s0x2dbc1bd366ff007f%3A0xa4f14f995a0eb08e!2sTanah%20Toa%2C%20Kec.%20Kajang%2C%20Kabupaten%20Bulukumba%2C%20Sulawesi%20Selatan!5e0!3m2!1sid!2sid!4v1755331689580!5m2!1sid!2sid\" width=\"600\" height=\"450\" style=\"border:0;\" allowfullscreen=\"\" loading=\"lazy\" referrerpolicy=\"no-referrer-when-downgrade\"></iframe>', 'Saat berkunjung ke Kawasan Adat Ammatoa Kajang di Kabupaten Bulukumba, terdapat ketentuan penting mengenai warna pakaian yang wajib dipatuhi.\nAnda dan seluruh rombongan wajib mengenakan pakaian serba hitam. Warna hitam ini bukan sekadar aturan, melainkan memiliki makna filosofis yang dalam bagi masyarakat Ammatoa, yaitu sebagai simbol kesederhanaan dan kesetaraan.\n\nSelain itu, pengunjung juga tidak diperkenankan menggunakan alas kaki saat memasuki kawasan inti. Perlu diperhatikan bahwa warna lain, terutama warna terang seperti merah, sangat dihindari karena dianggap sebagai penentangan terhadap adat. Beberapa sumber bahkan menyebutkan adanya denda jika aturan ini dilanggar.', 0.00, 0),
(15, 3, 'Pembuatan Perahu Phinisi', 'Wisata pembuatan perahu Phinisi di Bulukumba merupakan daya tarik budaya yang sangat khas dan sarat makna historis. Di kawasan Tana Beru, para pengunjung dapat menyaksikan secara langsung keahlian para pengrajin lokal dalam merakit kapal kayu raksasa dengan teknik tradisional yang diwariskan secara turun-temurun dari leluhur Suku Bugis-Makassar. Proses pembuatannya tidak hanya mengandalkan keterampilan tangan, tetapi juga filosofi hidup, doa, serta ritual adat tertentu yang diyakini membawa keselamatan dan keberkahan. Kapal Phinisi sendiri telah diakui UNESCO sebagai Warisan Budaya Takbenda Dunia, sehingga pengalaman wisata ini bukan sekadar menyaksikan pembuatan kapal, melainkan juga memahami nilai budaya, sejarah maritim, serta kebanggaan masyarakat Bulukumba sebagai **Butta Panrita Lopi** atau Tanah Para Ahli Pembuat Perahu.\n\nPerjalanan menuju sentra pembuatan perahu Phinisi di Tanah Beru, Kabupaten Bulukumba dari Bandara Internasional Sultan Hasanuddin, Makassar menempuh jarak sekitar 180–190 km dengan waktu tempuh kurang lebih 4,5–5 jam perjalanan darat. Jalur yang dilalui melewati Kabupaten Gowa, Takalar, Jeneponto, dan Bantaeng, hingga tiba di pusat Kota Bulukumba. Dari kota, perjalanan diteruskan ke arah pesisir timur menuju Tanah Beru, sebuah desa nelayan yang terkenal sebagai pusat warisan budaya pembuatan perahu Phinisi secara tradisional, yang telah diakui sebagai Warisan Budaya Takbenda UNESCO.', 'Gratis', 'Pagi hingga sore hari (jam kerja pengrajin)', '- View Workshop Langsung\n- Parkir\n- Nilai Budaya & Edukasi', '<iframe src=\"https://www.google.com/maps/embed?pb=!1m18!1m12!1m3!1d15885.20016645447!2d120.3448800375588!3d-5.522420834768803!2m3!1f0!2f0!3f0!3m2!1i1024!2i768!4f13.1!3m3!1m2!1s0x2dbc09ba1921e1db%3A0x2795c47cf1c47bf6!2sSentra%20Pembuatan%20Perahu%20Tradisional%20Pinisi!5e0!3m2!1sid!2sid!4v1755332400687!5m2!1sid!2sid\" width=\"600\" height=\"450\" style=\"border:0;\" allowfullscreen=\"\" loading=\"lazy\" referrerpolicy=\"no-referrer-when-downgrade\"></iframe>', '', 0.00, 0),
(16, 1, 'Pulau Liukang Loe (Penangkaran Penyu)', 'Pulau Liukang Loe adalah destinasi wisata bahari menawan yang terletak di depan Pantai Bira, Bulukumba, Sulawesi Selatan. Pulau ini terkenal dengan pasir putihnya yang halus, air laut yang jernih, serta keindahan bawah laut yang mempesona, menjadikannya surga bagi pecinta snorkeling dan diving. Terumbu karang yang masih terjaga dengan baik, lengkap dengan aneka ikan tropis berwarna-warni, membuat pengalaman menyelam di pulau ini semakin istimewa. Selain keindahan alamnya, Pulau Liukang Loe juga memiliki kehidupan masyarakat lokal yang ramah dengan budaya khas Bugis-Makassar yang masih kental, sehingga pengunjung bisa menikmati perpaduan wisata alam dan budaya dalam satu kunjungan.\n\nPerjalanan menuju Pulau Liukang Loe dimulai dari Bandara Internasional Sultan Hasanuddin di Makassar, dilanjutkan menempuh rute darat sekitar 200 km melalui Kabupaten Gowa, Takalar, Jeneponto, dan Bantaeng, dengan durasi berkendara sekitar 5–6 jam hingga tiba di pusat Kota Bulukumba \nDari sana, perjalanan dilanjutkan menuju Pantai Tanjung Bira, titik keberangkatan menggunakan speedboat. Tarif sewa speedboat atau perahu nelayan berkisar antara Rp400.000 hingga Rp500.000 untuk 5–6 orang, dengan durasi penyebrangan sekitar 15–20 menit menuju Pulau Liukang Loe\n', 'Rp 300.000 – Rp.500.000 ', '07.00–18.00', '-Tiket masuk penangkaran penyu: Rp 10.000 per orang.\n-Sewa alat snorkeling/scuba diving: Rp 25.000 per orang.', '<iframe src=\"https://www.google.com/maps/embed?pb=!1m18!1m12!1m3!1d3970.4972030700824!2d120.43069290963989!3d-5.640954594316639!2m3!1f0!2f0!3f0!3m2!1i1024!2i768!4f13.1!3m3!1m2!1s0x2dbbf17f849b1743%3A0x65745e2786c16cc8!2sPantai%20Pulau%20Liukang%20Loe!5e0!3m2!1sid!2sid!4v1755332921827!5m2!1sid!2sid\" width=\"600\" height=\"450\" style=\"border:0;\" allowfullscreen=\"\" loading=\"lazy\" referrerpolicy=\"no-referrer-when-downgrade\"></iframe>', 'Sewa perahu dari Pantai Bira atau Pantai Bara: sekitar Rp 300.000–500.000 per perahu untuk 4–6 orang, dengan durasi sekitar 15–20 menit perjalanan.', 0.00, 0),
(17, 2, 'Makam Dato Tiro', 'Makam ini merupakan tempat dimakamkan Datuk Ri Tiro, seorang ulama sufi dari Minangkabau yang menyebar agama Islam di Sulawesi Selatan, khususnya di Bulukumba. Makam Dato Tiro memiliki nilai sejarah yang tinggi, karena ia diutus oleh Kerajaan Aceh untuk menyebar Islam di wilayah tersebut. Di sekitar makam, terdapat sumur panjang yang dikenal dengan airnya yang jernih, yang dipercaya dapat memberikan keberuntungan bagi pengunjung. Makam ini menjadi tujuan wisata religi yang sering dikunjungi oleh masyarakat lokal dan mancanegara.\n\nPerjalanan menuju Makam Dato Tiro dimulai dari Bandara Internasional Sultan Hasanuddin di Makassar, menuju jalur selatan Sulawesi yang melintasi Kabupaten Gowa, Takalar, Jeneponto, dan Bantaeng, lalu tiba di pusat Kota Bulukumba. Total jarak tempuh sekitar 180 km, dengan estimasi waktu perjalanan 4–5 jam berkendara Dari pusat kota, perjalanan dilanjutkan menuju Desa Hila-Hila di Kecamatan Bonto Tiro, lokasi makam berada — situs bersejarah sekaligus objek wisata religi yang sering dikunjungi masyarakat untuk berziarah. Di sekitar makam juga terdapat sumur panjang peninggalan Dato Tiro yang dipercaya memiliki air yang bening jernih dan memiliki nilai sakral — sejumlah pengunjung percaya mandi di sana mendatangkan keberuntungan ', 'Sukarela', '08.00 - 17.00 ', 'Parkir luas', '<iframe src=\"https://www.google.com/maps/embed?pb=!1m18!1m12!1m3!1d3971.662340800727!2d120.42151510963828!3d-5.46809109448865!2m3!1f0!2f0!3f0!3m2!1i1024!2i768!4f13.1!3m3!1m2!1s0x2dbc09bbc4853647%3A0x2c28df0c62f79493!2sMakam%20Dato&#39;%20Tiro!5e0!3m2!1sid!2sid!4v1755333453971!5m2!1sid!2sid\" width=\"600\" height=\"450\" style=\"border:0;\" allowfullscreen=\"\" loading=\"lazy\" referrerpolicy=\"no-referrer-when-downgrade\"></iframe>', 'Jika berencana mengunjungi untuk ziarah atau wisata religi, ada baiknya menghubungi pihak pengelola setempat (seperti Dinas Pariwisata atau Kelurahan Eka Tiro) untuk memastikan aturan terkini .', 0.00, 0),
(18, 1, 'Titik Nol', 'Titik nol Bulukumba atau Titik Nol Sulawesi Selatan ini merupakan salah satu spot favorit wisata saat berada di Tanjung Bira. Kawasan ini merupakan tempat wisata baru. Pemerintah Provinsi (Pemprov) Sulawesi Selatan sengaja mempercantik kawasan Pantai Bira, sebagai upaya menarik wisatawan untuk berkunjung ke lokasi itu. Titik Nol Bulukumba berada pada pertemuan arus angin barat dan angin timur serta arus laut dari arah Laut Flores dan Selat Makassar. Berbeda dengan Pantai Tanjung Bira yang menyajikan hamparan pasir putih. Tempat wisata Titik Nol Bulukumba menyuguhkan pemandangan yang eksotis karena destinasi wisata ini berada di tempat yang cukup tinggi. Tebing ini terbentuk dari hantaman ombak.\n\nPerjalanan menuju Titik Nol Kilometer Bulukumba dari Bandara Internasional Sultan Hasanuddin, Makassar menempuh jarak sekitar 190–200 km dengan waktu tempuh kurang lebih 5–6 jam perjalanan darat. Jalur yang dilalui melewati jalur selatan Sulawesi melalui Kabupaten Gowa, Takalar, Jeneponto, dan Bantaeng, sebelum tiba di pusat Kota Bulukumba. Dari kota, perjalanan dilanjutkan ke arah Kecamatan Bonto Bahari, tepatnya di kawasan wisata Tanjung Bira, tempat monumen Titik Nol berdiri sebagai penanda simbolis Bulukumba sekaligus spot foto ikonik yang menghadap langsung ke laut.', 'Rp.10,000', '24 Jam', 'Parkir', '<iframe src=\"https://www.google.com/maps/embed?pb=!1m18!1m12!1m3!1d3970.6256252273943!2d120.46959260963972!3d-5.622161294335343!2m3!1f0!2f0!3f0!3m2!1i1024!2i768!4f13.1!3m3!1m2!1s0x2dbbf308b59da65d%3A0x16014b920cd0a93a!2sTitik%20Nol%20KM%20Sulsel!5e0!3m2!1sid!2sid!4v1755333716662!5m2!1sid!2sid\" width=\"600\" height=\"450\" style=\"border:0;\" allowfullscreen=\"\" loading=\"lazy\" referrerpolicy=\"no-referrer-when-downgrade\"></iframe>', 'Tiket ini dikenakan secara terpisah dari tiket masuk kawasan Pantai Bira, jadi bila hanya ingin ke Titik Nol, Anda perlu membayar biaya tambahan. Ini adalah kebijakan resmi Pemerintah Kabupaten Bulukumba.\nPluz.id', 0.00, 0),
(19, 3, 'Permandian Hila-Hila', 'Permandian Sumur Panjang Hila-hila di Kecamatan Bontotiro, Kabupaten Bulukumba menjadi salah satu jejak perjalanan syiar Islam yang dilakukan Maulana Khatib Bungsu yang bergelar Dato Tiro pada sekitar abad ke-17. Konon Sumur Panjang adalah salah satu bukti ketika Dato Tiro membutuhkan air wudu, maka dengan tongkatnya yang ditancapkan memancarlah air dari dalam tanah. Sumur Panjang banyak pengunjung dipercaya memiliki berkah. Sumur Panjang sampai saat ini eksis sebagai salah satu objek wisata di Kabupaten Bulukumba dan setiap hari terutama Sabtu dan Minggu dipenuhi pengunjung dari berbagai tempat.\n\nPerjalanan menuju Permandian Hila-Hila di Kabupaten Bulukumba dari Bandara Internasional Sultan Hasanuddin, Makassar menempuh jarak sekitar 180–190 km dengan waktu tempuh sekitar 5 jam perjalanan darat. Rute yang dilalui melewati jalur selatan Sulawesi melalui Kabupaten Gowa, Takalar, Jeneponto, dan Bantaeng, hingga tiba di pusat Kota Bulukumba. Dari kota, perjalanan dilanjutkan ke arah Kecamatan Bonto Tiro, lokasi permandian alami Hila-Hila yang terkenal dengan air jernih dan segar dari sumber mata air pegunungan, dikelilingi suasana asri dan tenang sehingga cocok sebagai tempat rekreasi keluarga maupun wisata religi karena dekat dengan situs bersejarah.\n\nDi sekitar kawasan Permandian Hila-Hila, wisatawan juga dapat mengunjungi Makam Dato Tiro sebagai destinasi ziarah.', 'Rp.5,000', '08.00 - 17.30', 'area parkir kendaraan, toilet, warung wisata, tempat duduk, spot foto dan lain-lain.', '<iframe src=\"https://www.google.com/maps/embed?pb=!1m18!1m12!1m3!1d3971.6515695309563!2d120.42139030963831!3d-5.46971409448704!2m3!1f0!2f0!3f0!3m2!1i1024!2i768!4f13.1!3m3!1m2!1s0x2dbc0944d05656fb%3A0xc8d1201e32306bc6!2sSumur%20Panjang%20Hila-Hila!5e0!3m2!1sid!2sid!4v1755335480400!5m2!1sid!2sid\" width=\"600\" height=\"450\" style=\"border:0;\" allowfullscreen=\"\" loading=\"lazy\" referrerpolicy=\"no-referrer-when-downgrade\"></iframe>', '', 0.00, 0),
(20, 3, 'Lembah Biru', 'Destinasi wisata permandian alam Lembah Biru yang berada di Desa Palambarae, Kecamatan Gantarang, Kabupaten Bulukumba, Sulawesi Selatan merupakan obyek wisata yang bisa menjadi alternatif pengisi waktu libur.\nDengan akses yang mudah dijangkau, juga biayanya tidak harus menguras isi kantong, sementara wahananya sangat bisa memuaskan perasaan saat berada di Lembah Biru.\n\nPerjalanan menuju Wisata Lembah Biru di Kecamatan Gantarang, Kabupaten Bulukumba, dari Bandara Internasional Sultan Hasanuddin, Makassar menempuh jarak sekitar 170–180 km dengan waktu tempuh sekitar 4,5–5 jam berkendara. Jalur perjalanan melewati rute selatan Sulawesi melalui Kabupaten Gowa, Takalar, Jeneponto, dan Bantaeng, kemudian dilanjutkan hingga tiba di pusat Kota Bulukumba. Dari kota, perjalanan diarahkan ke Desa Palambarae, Kecamatan Gantarang, tempat Lembah Biru berada, yang dikenal sebagai destinasi wisata alam dengan danau buatan berair jernih, pepohonan rindang, serta suasana sejuk yang cocok untuk bersantai bersama keluarga.', 'Rp.10,000', '07.00 – 18.00', '- Parkir\n- Toilet\n- Kantin', '<iframe src=\"https://www.google.com/maps/embed?pb=!1m18!1m12!1m3!1d3971.4034907355503!2d120.1907948096387!3d-5.506962294449963!2m3!1f0!2f0!3f0!3m2!1i1024!2i768!4f13.1!3m3!1m2!1s0x2dbc01ce27454c79%3A0x9a3e731ee1e6a453!2sLembah%20Biru%20Bulukumba!5e0!3m2!1sid!2sid!4v1755337039595!5m2!1sid!2sid\" width=\"600\" height=\"450\" style=\"border:0;\" allowfullscreen=\"\" loading=\"lazy\" referrerpolicy=\"no-referrer-when-downgrade\"></iframe>', '', 0.00, 0),
(21, 1, 'Air Terjun Bravo 45', 'Air Terjun Bravo 45 merupakan salah satu destinasi alam tersembunyi di Kabupaten Bulukumba yang menawarkan keindahan air terjun dengan suasana asri dan alami. Air terjun ini dikelilingi oleh pepohonan rindang serta udara yang sejuk, sehingga memberikan ketenangan bagi para pengunjung yang ingin melepas penat dari hiruk-pikuk perkotaan. Aliran airnya yang jernih dan deras menambah pesona keindahan alam sekaligus menciptakan suasana yang menenangkan. Keindahan panorama sekitar membuat Air Terjun Bravo 45 menjadi tempat favorit untuk bersantai, berfoto, maupun sekadar menikmati suasana alami khas pedesaan Bulukumba.\n\nPerjalanan menuju Air Terjun Bravo 45 di Kabupaten Bulukumba dari Bandara Internasional Sultan Hasanuddin, Makassar menempuh jarak sekitar 180–190 km dengan estimasi waktu tempuh 5–6 jam berkendara melalui jalur darat. Rute yang dilalui melewati Kabupaten Gowa, Takalar, Jeneponto, dan Bantaeng, hingga tiba di pusat Kota Bulukumba. Dari kota, perjalanan dilanjutkan menuju kawasan pegunungan di Bulukumba bagian utara yang menjadi lokasi Air Terjun Bravo 45. Destinasi ini dikenal dengan aliran air yang sejuk, dikelilingi pepohonan rindang serta udara pegunungan yang segar, menjadikannya tempat ideal untuk rekreasi alam.', 'Gratis', '06.00 – 17.00', 'Parkir, dan Toilet', '<iframe src=\"https://www.google.com/maps/embed?pb=!1m18!1m12!1m3!1d3972.304655277924!2d120.02477170963758!3d-5.370424094585934!2m3!1f0!2f0!3f0!3m2!1i1024!2i768!4f13.1!3m3!1m2!1s0x2dbea5002cf8cc39%3A0xd96b8d4fd7d4cd6!2sAIR%20TERJUN%20BRAVO%2045!5e0!3m2!1sid!2sid!4v1755337261650!5m2!1sid!2sid\" width=\"600\" height=\"450\" style=\"border:0;\" allowfullscreen=\"\" loading=\"lazy\" referrerpolicy=\"no-referrer-when-downgrade\"></iframe>', 'Hanya membayar parkir', 0.00, 0),
(22, 1, 'Donggia Kahayya', 'Donggia Kahayya merupakan salah satu destinasi wisata alam di Kabupaten Bulukumba yang menawarkan keindahan panorama perbukitan hijau dengan udara yang sejuk dan segar. Terletak di kawasan Kecamatan Kindang, tempat ini menjadi spot favorit wisatawan untuk menikmati pemandangan dari ketinggian yang. Suasana tenang dan jauh dari keramaian menjadikan Donggia Kahayya cocok sebagai lokasi rekreasi, berfoto, maupun sekadar bersantai menikmati pesona alam. Selain itu, area ini juga menjadi titik ideal untuk menyaksikan matahari terbit maupun terbenam, sehingga memberikan pengalaman wisata yang menenangkan sekaligus mempesona di Bulukumba.\nPerjalanan menuju Donggia Kahayya di Kabupaten Bulukumba dari Bandara Internasional Sultan Hasanuddin, Makassar menempuh jarak kurang lebih 175–185 km dengan estimasi waktu tempuh sekitar 5 jam perjalanan darat. Rute yang dilalui melewati jalur selatan Sulawesi melalui Kabupaten Gowa, Takalar, Jeneponto, dan Bantaeng, hingga tiba di pusat Kota Bulukumba. Dari kota, perjalanan dilanjutkan menuju kawasan Kecamatan Kindang, lokasi Donggia Kahayya berada, yang dikenal dengan panorama perbukitan hijau, udara segar, serta pemandangan laut lepas yang indah dari ketinggian.\n', 'Rp.5,000', '06.00–18.00', '- Parkir\n- Musholla\n- Toilet\n- Warung\n- Penyewaan tenda', '<iframe src=\"https://www.google.com/maps/embed?pb=!1m18!1m12!1m3!1d3972.602909433635!2d119.9994457096371!3d-5.324465894631711!2m3!1f0!2f0!3f0!3m2!1i1024!2i768!4f13.1!3m3!1m2!1s0x2dbea356f25b16db%3A0x661d944c15dc9108!2sDonggia%20Kahayya!5e0!3m2!1sid!2sid!4v1755355805648!5m2!1sid!2sid\" width=\"600\" height=\"450\" style=\"border:0;\" allowfullscreen=\"\" loading=\"lazy\" referrerpolicy=\"no-referrer-when-downgrade\"></iframe>', '', 0.00, 0),
(23, 1, 'Air terjun Gamaccayya', 'Air Terjun Gamaccayya  adalah destinasi alam tersembunyi yang memikat di Desa Kahayya, Kabupaten Bulukumba, Sulawesi Selatan. Air terjun ini menawarkan pesona alami dengan aliran air jernih yang mengalir di tengah rimbunnya pepohonan dan tebing-tebing batu yang menambah kesan eksotis. Untuk mencapainya, pengunjung harus melakukan trekking ringan melewati jalur hutan yang masih asri, menjadikan perjalanan ke Air Terjun Gamaccayya sebagai pengalaman petualangan yang menyegarkan sekaligus menenangkan. Tempat ini cocok bagi pecinta alam yang ingin menjauh sejenak dari hiruk-pikuk kota dan menikmati suasana alami yang masih terjaga keasliannya.\n\nPerjalanan menuju Air Terjun Gamaccayya di Kecamatan Kindang, Kabupaten Bulukumba, dari Bandara Internasional Sultan Hasanuddin, Makassar, menempuh jarak sekitar 170–180 km dengan waktu tempuh kurang lebih 4,5–5 jam perjalanan darat. Jalur perjalanan melewati Kabupaten Gowa, Takalar, Jeneponto, dan Bantaeng, kemudian tiba di pusat Kota Bulukumba. Dari kota, perjalanan dilanjutkan ke arah utara menuju Kecamatan Kindang, lokasi air terjun berada. Destinasi ini dikenal dengan aliran airnya yang jernih, suasana asri pegunungan, serta lingkungan hutan yang masih alami sehingga cocok untuk wisata alam dan petualangan.\n', 'Rp.5,000', '07:00 - 17:00', '- Kamar mandi umum\n- Area selfie dengan spot foto menarik\n- Area parkir', '<iframe src=\"https://www.google.com/maps/embed?pb=!1m18!1m12!1m3!1d3972.483848857761!2d120.00929940963739!3d-5.342859294613409!2m3!1f0!2f0!3f0!3m2!1i1024!2i768!4f13.1!3m3!1m2!1s0x2dbea576ac121037%3A0x90d76f817acd0c72!2sAir%20Terjun%20Gamaccayya!5e0!3m2!1sid!2sid!4v1755355760084!5m2!1sid!2sid\" width=\"600\" height=\"450\" style=\"border:0;\" allowfullscreen=\"\" loading=\"lazy\" referrerpolicy=\"no-referrer-when-downgrade\"></iframe>', 'Memerlukan tenaga lebih untuk melewati banyaknya anak tangga', 0.00, 0),
(24, 1, 'Telaga Biru Ere Manerang', 'Telaga Biru Ere Manerang di Bulukumba adalah objek wisata alam air tawar yang terkenal dengan kejernihan airnya yang berwarna biru dan dikelola oleh masyarakat setempat. Telaga ini berlokasi di Desa Benjala, Kecamatan Bonto Bahari, dan menawarkan pengalaman unik berupa perahu untuk menjelajahi telaga, area berenang yang aman, serta berbagai spot foto menarik untuk pengunjung yang ingin menikmati keindahan alamnya. \n\nPerjalanan menuju Telaga Biru Ere’manerang di Desa Benjala, Kecamatan Bonto Bahari, Kabupaten Bulukumba, dari Bandara Internasional Sultan Hasanuddin, Makassar, menempuh jarak sekitar 185–190 km dengan estimasi waktu perjalanan sekitar 5–6 jam berkendara. Jalur darat melewati Kabupaten Gowa, Takalar, Jeneponto, dan Bantaeng, sebelum tiba di pusat Kota Bulukumba. Dari kota, perjalanan dilanjutkan ke arah selatan menuju Bonto Bahari melalui jalan desa hingga tiba di Telaga Biru Ere’manerang, sebuah telaga alami dengan air jernih kebiruan yang dikelilingi suasana pedesaan dan pepohonan rindang.', 'Rp.10,000', '08:00 - 18:00', '- Area parkir\n- Toilet\n- Sewa perahu', '<iframe src=\"https://www.google.com/maps/embed?pb=!1m18!1m12!1m3!1d3971.443673968578!2d120.33859263478786!3d-5.500945982318161!2m3!1f0!2f0!3f0!3m2!1i1024!2i768!4f13.1!3m3!1m2!1s0x2dbc072c8143d37f%3A0x7c2a55f49f54fa34!2sTelaga%20Biru%20Ere%20Manerang!5e0!3m2!1sid!2sid!4v1755355575350!5m2!1sid!2sid\" width=\"600\" height=\"450\" style=\"border:0;\" allowfullscreen=\"\" loading=\"lazy\" referrerpolicy=\"no-referrer-when-downgrade\"></iframe>', '', 0.00, 0),
(25, 1, 'Puncak Pua Janggo', 'Puncak Pua Janggo, sebuah destinasi wisata tersembunyi di Bulukumba, menyuguhkan pemandangan alam yang memesona dari ketinggian. Tempat ini menawarkan panorama perbukitan hijau yang membentang luas, berpadu harmonis dengan birunya laut lepas. Para pengunjung dapat menikmati suasana tenang dan sejuk sambil mengagumi keindahan alam yang masih asri, menjadikan Puncak Pua Janggo sebagai lokasi ideal untuk bersantai, berfoto, atau sekadar melarikan diri dari hiruk pikuk kota.\n\nPerjalanan menuju Puncak Pua Janggo di Kecamatan Bonto Bahari, Kabupaten Bulukumba, dari Bandara Internasional Sultan Hasanuddin, Makassar, menempuh jarak sekitar 185–190 km dengan estimasi waktu perjalanan 5–6 jam berkendara. Jalur yang dilalui melewati Kabupaten Gowa, Takalar, Jeneponto, dan Bantaeng, kemudian tiba di pusat Kota Bulukumba. Dari kota, perjalanan diteruskan ke arah selatan menuju Bonto Bahari hingga mencapai kawasan Puncak Pua Janggo, sebuah bukit yang menawarkan panorama indah dari ketinggian dengan pemandangan laut lepas, perbukitan hijau, serta suasana sejuk khas pedesaan.', 'Rp.5,000', '24 Jam', '- Area parkir', '<iframe src=\"https://www.google.com/maps/embed?pb=!1m18!1m12!1m3!1d3970.7200229976393!2d120.4576833096396!3d-5.608307094349119!2m3!1f0!2f0!3f0!3m2!1i1024!2i768!4f13.1!3m3!1m2!1s0x2dbbf38b585e16c1%3A0x794ccedcd42caf7!2sPuncak%20Pua&#39;%20Janggo&#39;!5e0!3m2!1sid!2sid!4v1755355641475!5m2!1sid!2sid\" width=\"600\" height=\"450\" style=\"border:0;\" allowfullscreen=\"\" loading=\"lazy\" referrerpolicy=\"no-referrer-when-downgrade\"></iframe>', '', 0.00, 0),
(26, 1, 'Pantai Marumasa', 'Pantai Marumasa, sebuah permata tersembunyi di Bulukumba, menawarkan keindahan alam yang memukau dengan kombinasi unik antara pantai berpasir putih dan tebing-tebing karang yang kokoh. Air lautnya yang jernih dengan gradasi warna biru kehijauan menjadikannya tempat ideal untuk berenang dan *snorkeling*. Selain itu, di sepanjang pantai terdapat banyak spot foto menarik yang dibuat di atas tebing, lengkap dengan pemandangan laut lepas di Teluk Bone. Pesona lainnya adalah deretan pohon kelapa yang rindang, menciptakan suasana teduh dan menenangkan, sangat cocok bagi pengunjung yang ingin bersantai sambil menikmati keindahan matahari terbit atau terbenam.\n\nPerjalanan menuju Pantai Marumasa di Kabupaten Bulukumba dari Bandara Internasional Sultan Hasanuddin, Makassar, menempuh jarak sekitar 190 km dengan waktu tempuh sekitar 5–6 jam perjalanan darat. Jalur utama melewati Kabupaten Gowa, Takalar, Jeneponto, dan Bantaeng, hingga tiba di pusat Kota Bulukumba. Dari kota, perjalanan dilanjutkan menuju Kecamatan Bonto Bahari, tepatnya di Desa Darubiah, lokasi Pantai Marumasa berada. Pantai ini terkenal dengan suasana tenang, pasir putih yang bersih, serta hamparan batu karang yang menambah pesona alami sehingga cocok bagi wisatawan yang mencari ketenangan.', 'Rp.5,000', '24 Jam', '- Area parkir\n- Toilet\n- Gazebo', '<iframe src=\"https://www.google.com/maps/embed?pb=!1m18!1m12!1m3!1d3970.9435414511736!2d120.45680390963929!3d-5.575365794381879!2m3!1f0!2f0!3f0!3m2!1i1024!2i768!4f13.1!3m3!1m2!1s0x2dbbf4480787b96b%3A0xcde001b5fdc36971!2sPantai%20Marumasa!5e0!3m2!1sid!2sid!4v1755355469479!5m2!1sid!2sid\" width=\"600\" height=\"450\" style=\"border:0;\" allowfullscreen=\"\" loading=\"lazy\" referrerpolicy=\"no-referrer-when-downgrade\"></iframe>', '', 0.00, 0),
(27, 1, 'Pantai Lemo-Lemo', 'Pantai Lemo-Lemo, yang terletak di Bulukumba, dikenal dengan keindahan alamnya yang eksotis dan masih sangat alami. Berbeda dengan pantai berpasir putih lainnya, daya tarik utama Lemo-Lemo justru terletak pada tebing-tebing karang yang kokoh dan pasirnya yang berwarna kecoklatan. Pemandangan perahu-perahu nelayan yang berjejer di tepi pantai menambah keindahan pemandangan, menciptakan suasana khas desa pesisir yang tenang. Pantai ini sangat cocok bagi pengunjung yang mencari ketenangan dan ingin menikmati keindahan alam dari sudut pandang yang berbeda, jauh dari keramaian dan hiruk pikuk kota.\n\nPerjalanan menuju Pantai Lemo-Lemo di Kabupaten Bulukumba dari Bandara Internasional Sultan Hasanuddin, Makassar, menempuh jarak sekitar 185–190 km dengan estimasi waktu tempuh 5–6 jam perjalanan darat. Jalur yang dilalui melewati Kabupaten Gowa, Takalar, Jeneponto, dan Bantaeng, hingga tiba di pusat Kota Bulukumba. Dari kota, perjalanan diteruskan ke arah Kecamatan Bonto Bahari menuju Desa Lemo-Lemo, lokasi pantai berada. Pantai ini menawarkan suasana tenang dengan hamparan pasir putih, air laut jernih, dan nuansa alami yang masih asri, cocok untuk bersantai maupun menikmati panorama matahari terbenam.', 'Rp.5,000', '24 Jam', '- Parkir\n- Warung\n- Gazebo\n- Toilet', '<iframe src=\"https://www.google.com/maps/embed?pb=!1m18!1m12!1m3!1d31767.05058548147!2d120.37194718058363!3d-5.584554739845494!2m3!1f0!2f0!3f0!3m2!1i1024!2i768!4f13.1!3m3!1m2!1s0x2dbbf6e1779770b5%3A0x49475e8826795abf!2sPantai%20Lemo-Lemo!5e0!3m2!1sid!2sid!4v1755355413266!5m2!1sid!2sid\" width=\"600\" height=\"450\" style=\"border:0;\" allowfullscreen=\"\" loading=\"lazy\" referrerpolicy=\"no-referrer-when-downgrade\"></iframe>', '', 0.00, 0),
(28, 1, 'Pantai Ujung Tiro', 'Pantai Ujung Tiro, sebuah destinasi wisata yang terletak di Bulukumba, menawarkan pemandangan alam yang memukau dengan perpaduan unik antara tebing-tebing karang yang menjulang tinggi dan birunya air laut yang jernih. Pantai ini memiliki dua sisi yang menarik: area di bawah tebing dengan ombak yang tenang dan area di atas tebing yang menawarkan pemandangan Samudra Hindia yang luas. Dikenal juga sebagai Pantai Apparalang, Ujung Tiro sangat cocok bagi para pengunjung yang menyukai petualangan dan keindahan alam yang dramatis. Berbagai spot foto menarik di atas tebing membuat pantai ini menjadi lokasi sempurna untuk mengabadikan momen, terutama saat matahari terbit atau terbenam.\n\nPerjalanan menuju Pantai Ujung Tiro di Kabupaten Bulukumba dari Bandara Internasional Sultan Hasanuddin, Makassar, menempuh jarak sekitar 185–190 km dengan estimasi waktu perjalanan darat sekitar 5–6 jam. Rute perjalanan melewati Kabupaten Gowa, Takalar, Jeneponto, dan Bantaeng, hingga tiba di pusat Kota Bulukumba. Dari kota, perjalanan dilanjutkan ke arah selatan menuju Kecamatan Bonto Tiro, lokasi Pantai Ujung Tiro berada. Pantai ini dikenal dengan hamparan pasir putih, air laut biru jernih, serta suasana alami yang tenang sehingga menjadi pilihan tepat untuk bersantai atau menikmati panorama bahari Bulukumba.', 'Rp.5,000', '24 Jam', '- Area parkir\n- Toilet', '<iframe src=\"https://www.google.com/maps/embed?pb=!1m18!1m12!1m3!1d3971.6038808728968!2d120.44890850963841!3d-5.476893994479884!2m3!1f0!2f0!3f0!3m2!1i1024!2i768!4f13.1!3m3!1m2!1s0x2dbc0bc24acc7c23%3A0x816cfc120524cb2c!2sPantai%20Ujung%20Tiro!5e0!3m2!1sid!2sid!4v1755355383203!5m2!1sid!2sid\" width=\"600\" height=\"450\" style=\"border:0;\" allowfullscreen=\"\" loading=\"lazy\" referrerpolicy=\"no-referrer-when-downgrade\"></iframe>', '', 0.00, 0);
INSERT INTO `wisata` (`id_wisata`, `id_kategori`, `nama_wisata`, `deskripsi`, `harga_tiket`, `jam_operasional`, `fasilitas`, `peta_wisata`, `keterangan`, `average_rating`, `total_reviews`) VALUES
(29, 1, 'Gua Passohara', 'Gua Passohara, sebuah destinasi wisata unik di Bulukumba, menawarkan pengalaman eksplorasi alam yang berbeda dari wisata pantai. Gua ini terkenal dengan stalaktit dan stalakmitnya yang terbentuk secara alami, menciptakan pemandangan yang memukau di dalam kegelapan. Konon, di dalam gua ini mengalir mata air tawar yang jernih, menambah daya tarik tersendiri bagi pengunjung. Gua Passohara sangat cocok untuk mereka yang menyukai petualangan dan ingin menjelajahi keindahan alam bawah tanah yang masih asri dan belum banyak dijamah.\n\nPerjalanan menuju Goa Passohara yang terletak di Desa Ara, Kecamatan Bonto Bahari, Kabupaten Bulukumba, dari Bandara Internasional Sultan Hasanuddin, Makassar, menempuh jarak sekitar 185–190 km dengan estimasi waktu tempuh sekitar 5–6 jam perjalanan darat. Rute perjalanan melewati jalur selatan Sulawesi melalui Kabupaten Gowa, Takalar, Jeneponto, dan Bantaeng, kemudian dilanjutkan hingga tiba di pusat Kota Bulukumba. Dari kota, perjalanan diarahkan menuju Desa Ara, lokasi Goa Passohara berada. Goa ini menyajikan keindahan alam berupa stalaktit dan stalagmit yang masih alami, serta suasana sejuk yang memberikan pengalaman wisata petualangan berbeda dari destinasi pantai di Bulukumba.', 'Rp.8,000', '08:00 - 17:00', '', '<iframe src=\"https://www.google.com/maps/embed?pb=!1m18!1m12!1m3!1d3971.30355056443!2d120.44221640963897!3d-5.521897194435105!2m3!1f0!2f0!3f0!3m2!1i1024!2i768!4f13.1!3m3!1m2!1s0x2dbc0a05225c5e3f%3A0xb6a4ab08065d9b0e!2sGua%20Passohara!5e0!3m2!1sid!2sid!4v1755355170506!5m2!1sid!2sid\" width=\"600\" height=\"450\" style=\"border:0;\" allowfullscreen=\"\" loading=\"lazy\" referrerpolicy=\"no-referrer-when-downgrade\"></iframe>', '', 0.00, 0),
(30, 3, 'Hutan Mangrove Luppung', 'Hutan Mangrove Luppung di Bulukumba menawarkan pengalaman wisata yang unik dengan keindahan alam pesisir yang masih terjaga. Destinasi ini menyuguhkan deretan pohon mangrove yang rimbun, membentuk lorong-lorong alami di atas air yang tenang, menciptakan suasana teduh dan menenangkan. Pengunjung dapat menyusuri jalur setapak dari papan kayu yang dibangun di tengah-tengah hutan, memungkinkan mereka untuk menikmati keindahan ekosistem mangrove dari dekat sambil mengamati kehidupan satwa di sekitarnya. Hutan Mangrove Luppung sangat cocok bagi para pencinta alam dan fotografer yang mencari keindahan otentik dan ketenangan di luar keramaian kota.\n\nPerjalanan menuju Hutan Mangrove Luppung di Kecamatan Ujung Loe, Kabupaten Bulukumba, dari Bandara Internasional Sultan Hasanuddin, Makassar, menempuh jarak sekitar 175–185 km dengan estimasi waktu tempuh 5–6 jam perjalanan darat. Jalur perjalanan melewati Kabupaten Gowa, Takalar, Jeneponto, dan Bantaeng, lalu tiba di pusat Kota Bulukumba. Dari kota, perjalanan dilanjutkan menuju arah barat ke Kecamatan Ujung Loe hingga tiba di Desa Luppung, lokasi hutan mangrove berada. Kawasan ini dikenal dengan hamparan hutan bakau yang rindang, jalur tracking kayu, serta suasana alami yang cocok untuk edukasi ekowisata sekaligus rekreasi.', 'Rp.10,000', '08:00 - 17:00', '- Area parkir\n- Gazebo\n- Toilet', '<iframe src=\"https://www.google.com/maps/embed?pb=!1m18!1m12!1m3!1d3971.4040808120435!2d120.31063920963878!3d-5.506873994450046!2m3!1f0!2f0!3f0!3m2!1i1024!2i768!4f13.1!3m3!1m2!1s0x2dbc07f6dd617c81%3A0x151737f3ec359175!2sKawasan%20Wisata%20Mangrove%20Luppung!5e0!3m2!1sid!2sid!4v1755354917906!5m2!1sid!2sid\" width=\"600\" height=\"450\" style=\"border:0;\" allowfullscreen=\"\" loading=\"lazy\" referrerpolicy=\"no-referrer-when-downgrade\"></iframe>', '', 0.00, 0),
(31, 3, 'Permandian Alam Limbua', 'Permandian Alam Limbua, sebuah destinasi wisata air yang masih asri di Bulukumba, menawarkan pengalaman unik bagi pengunjung. Daya tarik utamanya adalah kolam pemandian alami yang sumber airnya berasal langsung dari pegunungan. Airnya yang jernih, sejuk, dan segar membuat tempat ini ideal untuk melepaskan penat dan menyegarkan diri. Dikelilingi oleh pepohonan rindang dan bebatuan besar, suasana di Permandian Limbua terasa sangat tenang dan damai, menciptakan lingkungan yang sempurna untuk bersantai bersama keluarga atau teman sambil menikmati keindahan alam yang masih alami.\n\nPerjalanan menuju Permandian Alam Limbua di Kecamatan Bonto Tiro, Kabupaten Bulukumba, dari Bandara Internasional Sultan Hasanuddin, Makassar, menempuh jarak sekitar 180–190 km dengan estimasi waktu tempuh 5–6 jam perjalanan darat. Rute perjalanan melewati jalur selatan Sulawesi melalui Kabupaten Gowa, Takalar, Jeneponto, dan Bantaeng, sebelum tiba di pusat Kota Bulukumba. Dari kota, perjalanan dilanjutkan ke arah selatan menuju Kecamatan Bonto Tiro, lokasi permandian alam ini berada. Permandian Alam Limbua terkenal dengan airnya yang jernih dan segar yang bersumber langsung dari mata air, serta suasana alami yang menenangkan, sehingga cocok untuk rekreasi keluarga maupun melepas penat.', 'Rp.5,000', '06:30 - 17:30', '- Area parkir\n- Toilet', '<iframe src=\"https://www.google.com/maps/embed?pb=!1m18!1m12!1m3!1d3971.6657732658196!2d120.42469110963829!3d-5.46757379448915!2m3!1f0!2f0!3f0!3m2!1i1024!2i768!4f13.1!3m3!1m2!1s0x2dbc095a8f2da7af%3A0x743356f1a3a82533!2sPermandian%20Alam%20Limbua!5e0!3m2!1sid!2sid!4v1755354981708!5m2!1sid!2sid\" width=\"600\" height=\"450\" style=\"border:0;\" allowfullscreen=\"\" loading=\"lazy\" referrerpolicy=\"no-referrer-when-downgrade\"></iframe>', '', 0.00, 0),
(32, 1, 'Lego-Lego Sarrea', 'Nama “Lego-Lego Sarrea” mungkin masih terdengar asing ditelinga orang-orang, karena objek wisata ini baru viral di antara tahun 2024-2025. Walaupun demikian, tempat ini sekali dikunjungi, pengunjung langsung jatuh cinta dengan tempat ini.\n\nBegitu tiba di Lego-Lego Sarrea, pengunjung disambut oleh bentangan awan tipis yang menyelimuti lembah-lembah hijau, dengan udara pegunungan yang bersih dan segar.\n\nTempat ini memiliki sejumlah titik pandang strategis yang cocok melihat matahari terbit, yang sangat memanjakan mata pengunjung.\n\nSpot santai dan area swafoto dengan nuansa alam terbuka, area Lego-Lego Sarrea cocok untuk menenangkan pikiran, sambil mendirikan tenda untuk camping.\n\nSelain sebagai tempat rekreasi, Lego-Lego Sarrea juga menjadi ruang edukasi bagi anak-anak dan pelajar. Wisatawan bisa belajar tentang pertanian organik, pengolahan kopi khas Kahayya, hingga mengenal lebih dekat flora dan fauna lokal. Di beberapa titik, tersedia kebun kopi.\n\nPerjalanan menuju Lego-Lego Sarre di Kecamatan Kindang, Kabupaten Bulukumba, dari Bandara Internasional Sultan Hasanuddin, Makassar, menempuh jarak kurang lebih 175–185 km dengan estimasi waktu perjalanan 5–6 jam menggunakan jalur darat. Rute yang ditempuh melewati Kabupaten Gowa, Takalar, Jeneponto, dan Bantaeng, hingga sampai di pusat Kota Bulukumba. Dari kota, perjalanan dilanjutkan ke arah utara menuju Kecamatan Kindang, lokasi Lego-Lego Sarre berada. Destinasi ini menawarkan suasana sejuk khas pegunungan dengan hamparan perbukitan hijau dan panorama alam yang indah, cocok untuk rekreasi keluarga maupun wisata alam yang menenangkan.', '-', '24 Jam', '- Tempat Camping\n- Parkir', '<iframe src=\"https://www.google.com/maps/embed?pb=!1m18!1m12!1m3!1d3972.5729740953793!2d119.99869820963718!3d-5.3290964946271036!2m3!1f0!2f0!3f0!3m2!1i1024!2i768!4f13.1!3m3!1m2!1s0x2dbea30041911e89%3A0xec98d73744206a0e!2sLego%20Lego%20Sarrea!5e0!3m2!1sid!2sid!4v1755356064188!5m2!1sid!2sid\" width=\"600\" height=\"450\" style=\"border:0;\" allowfullscreen=\"\" loading=\"lazy\" referrerpolicy=\"no-referrer-when-downgrade\"></iframe>', '', 0.00, 0),
(33, 1, 'Sungai Balantieng', ' Sungai Balantieng yang mengalir jernih di antara tebing-tebing kokoh dan pepohonan rindang. Di sini, pengunjung bisa merasakan sensasi berenang atau sekadar bermain air sambil menikmati keindahan alam sekitarnya yang masih sangat asri. Selain itu, kawasan ini juga cocok untuk mereka yang ingin berkemah, merasakan ketenangan, dan jauh dari hiruk pikuk perkotaan. Keindahan alaminya yang memikat menjadikan Balantieng sebagai destinasi yang sempurna untuk melepas penat dan mengisi ulang energi.\n\nPerjalanan menuju Sungai Balantieng di Kecamatan Kindang, Kabupaten Bulukumba, dari Bandara Internasional Sultan Hasanuddin, Makassar, menempuh jarak sekitar 175–185 km dengan waktu tempuh kurang lebih 5–6 jam perjalanan darat. Jalur yang ditempuh melewati Kabupaten Gowa, Takalar, Jeneponto, dan Bantaeng, sebelum tiba di pusat Kota Bulukumba. Dari kota, perjalanan dilanjutkan menuju kawasan Donggia Kahayya, tempat wisatawan harus memarkir kendaraan. Dari titik ini, perjalanan diteruskan dengan berjalan kaki sekitar 1 km menuruni jalur perbukitan untuk sampai ke aliran jernih Sungai Balantieng yang dikelilingi hutan alami dan tebing hijau, menciptakan suasana asri dan menenangkan.', 'Gratis', '07:00 - 17:00', '', '<iframe src=\"https://www.google.com/maps/embed?pb=!1m18!1m12!1m3!1d254246.5862015325!2d119.71363488671875!3d-5.324465900000002!2m3!1f0!2f0!3f0!3m2!1i1024!2i768!4f13.1!3m3!1m2!1s0x2dbea77fb71c5e4b%3A0x59d128f5230bbddb!2sSungai%20Balangtieng!5e0!3m2!1sid!2sid!4v1755356580491!5m2!1sid!2sid\" width=\"600\" height=\"450\" style=\"border:0;\" allowfullscreen=\"\" loading=\"lazy\" referrerpolicy=\"no-referrer-when-downgrade\"></iframe>', 'Memerlukan tenaga lebih untuk berjalan sejauh kurang lebih 1 KM', 5.00, 2);

--
-- Indexes for dumped tables
--

--
-- Indeks untuk tabel `admin`
--
ALTER TABLE `admin`
  ADD PRIMARY KEY (`id_admin`),
  ADD UNIQUE KEY `username` (`username`);

--
-- Indeks untuk tabel `event`
--
ALTER TABLE `event`
  ADD PRIMARY KEY (`id_event`);

--
-- Indeks untuk tabel `galeri`
--
ALTER TABLE `galeri`
  ADD PRIMARY KEY (`id_galeri`),
  ADD KEY `idx_galeri_id_wisata` (`id_wisata`),
  ADD KEY `idx_galeri_id_hotel` (`id_hotel`),
  ADD KEY `idx_galeri_id_restoran` (`id_restoran`);

--
-- Indeks untuk tabel `hotel`
--
ALTER TABLE `hotel`
  ADD PRIMARY KEY (`id_hotel`),
  ADD KEY `idx_hotel_id_kategori` (`id_kategori`);

--
-- Indeks untuk tabel `kategori`
--
ALTER TABLE `kategori`
  ADD PRIMARY KEY (`id_kategori`),
  ADD UNIQUE KEY `uq_kategori_nama` (`nama_kategori`);

--
-- Indeks untuk tabel `restoran`
--
ALTER TABLE `restoran`
  ADD PRIMARY KEY (`id_restoran`),
  ADD KEY `idx_restoran_id_kategori` (`id_kategori`);

--
-- Indeks untuk tabel `review`
--
ALTER TABLE `review`
  ADD PRIMARY KEY (`id_review`),
  ADD KEY `idx_review_id_wisata` (`id_wisata`),
  ADD KEY `idx_review_status` (`status`),
  ADD KEY `idx_review_created_at` (`created_at`),
  ADD KEY `idx_review_id_hotel` (`id_hotel`),
  ADD KEY `idx_review_id_restoran` (`id_restoran`);

--
-- Indeks untuk tabel `wisata`
--
ALTER TABLE `wisata`
  ADD PRIMARY KEY (`id_wisata`),
  ADD KEY `idx_wisata_id_kategori` (`id_kategori`);

--
-- AUTO_INCREMENT untuk tabel yang dibuang
--

--
-- AUTO_INCREMENT untuk tabel `admin`
--
ALTER TABLE `admin`
  MODIFY `id_admin` int(11) NOT NULL AUTO_INCREMENT, AUTO_INCREMENT=7;

--
-- AUTO_INCREMENT untuk tabel `event`
--
ALTER TABLE `event`
  MODIFY `id_event` int(11) NOT NULL AUTO_INCREMENT, AUTO_INCREMENT=4;

--
-- AUTO_INCREMENT untuk tabel `galeri`
--
ALTER TABLE `galeri`
  MODIFY `id_galeri` int(11) NOT NULL AUTO_INCREMENT, AUTO_INCREMENT=174;

--
-- AUTO_INCREMENT untuk tabel `hotel`
--
ALTER TABLE `hotel`
  MODIFY `id_hotel` int(11) NOT NULL AUTO_INCREMENT, AUTO_INCREMENT=17;

--
-- AUTO_INCREMENT untuk tabel `kategori`
--
ALTER TABLE `kategori`
  MODIFY `id_kategori` int(11) NOT NULL AUTO_INCREMENT, AUTO_INCREMENT=7;

--
-- AUTO_INCREMENT untuk tabel `restoran`
--
ALTER TABLE `restoran`
  MODIFY `id_restoran` int(11) NOT NULL AUTO_INCREMENT, AUTO_INCREMENT=8;

--
-- AUTO_INCREMENT untuk tabel `review`
--
ALTER TABLE `review`
  MODIFY `id_review` int(11) NOT NULL AUTO_INCREMENT, AUTO_INCREMENT=11;

--
-- AUTO_INCREMENT untuk tabel `wisata`
--
ALTER TABLE `wisata`
  MODIFY `id_wisata` int(11) NOT NULL AUTO_INCREMENT, AUTO_INCREMENT=34;

--
-- Ketidakleluasaan untuk tabel pelimpahan (Dumped Tables)
--

--
-- Ketidakleluasaan untuk tabel `galeri`
--
ALTER TABLE `galeri`
  ADD CONSTRAINT `fk_galeri_hotel` FOREIGN KEY (`id_hotel`) REFERENCES `hotel` (`id_hotel`) ON DELETE CASCADE ON UPDATE CASCADE,
  ADD CONSTRAINT `fk_galeri_restoran` FOREIGN KEY (`id_restoran`) REFERENCES `restoran` (`id_restoran`) ON DELETE CASCADE ON UPDATE CASCADE,
  ADD CONSTRAINT `fk_galeri_wisata` FOREIGN KEY (`id_wisata`) REFERENCES `wisata` (`id_wisata`) ON DELETE CASCADE ON UPDATE CASCADE;

--
-- Ketidakleluasaan untuk tabel `hotel`
--
ALTER TABLE `hotel`
  ADD CONSTRAINT `fk_hotel_kategori` FOREIGN KEY (`id_kategori`) REFERENCES `kategori` (`id_kategori`) ON UPDATE CASCADE;

--
-- Ketidakleluasaan untuk tabel `restoran`
--
ALTER TABLE `restoran`
  ADD CONSTRAINT `fk_restoran_kategori` FOREIGN KEY (`id_kategori`) REFERENCES `kategori` (`id_kategori`) ON UPDATE CASCADE;

--
-- Ketidakleluasaan untuk tabel `review`
--
ALTER TABLE `review`
  ADD CONSTRAINT `fk_review_hotel` FOREIGN KEY (`id_hotel`) REFERENCES `hotel` (`id_hotel`) ON DELETE CASCADE ON UPDATE CASCADE,
  ADD CONSTRAINT `fk_review_restoran` FOREIGN KEY (`id_restoran`) REFERENCES `restoran` (`id_restoran`) ON DELETE CASCADE ON UPDATE CASCADE,
  ADD CONSTRAINT `fk_review_wisata` FOREIGN KEY (`id_wisata`) REFERENCES `wisata` (`id_wisata`) ON DELETE CASCADE ON UPDATE CASCADE;

--
-- Ketidakleluasaan untuk tabel `wisata`
--
ALTER TABLE `wisata`
  ADD CONSTRAINT `fk_wisata_kategori` FOREIGN KEY (`id_kategori`) REFERENCES `kategori` (`id_kategori`) ON UPDATE CASCADE;
COMMIT;

/*!40101 SET CHARACTER_SET_CLIENT=@OLD_CHARACTER_SET_CLIENT */;
/*!40101 SET CHARACTER_SET_RESULTS=@OLD_CHARACTER_SET_RESULTS */;
/*!40101 SET COLLATION_CONNECTION=@OLD_COLLATION_CONNECTION */;
